attr_name	Primary1	Primary2	Primary3	Primary4	Primary5	Primary6	Primary7	Primary8	Primary9	Primary10	Primary11	Primary12	Primary13	Primary14	Primary15	Primary16	Primary17	Primary18	Primary19	Primary20	Primary21	Primary22	Primary23
127733	0	15.0298034518597	1.19930648597492	0	2.45689035545441	0	0	14.6594795232652	5.96552279044302	6.62238977275051	7.55774909722164	1.17438687141024	3.57955956120566	9.78681385985807	13.7906255055789	13.0794569165408	3.08489428703909	21.0796614875708	0	5.60309502662555	2.69760359015207	1.99860490251655	0
7780	0	25.0496724197662	7.19583891584952	0	8.59911624409043	0	221.179621254469	21.9892192848977	10.6053738496765	2.8381670454645	2.15935688492047	16.4414161997433	2.98296630100472	13.9811626569401	9.19375033705263	40.8733028641901	13.3678752438361	30.8087360202958	11.7326284309179	19.2995495361547	97.7881301430125	47.9665176603972	41.9573911160893
149465	3.73726238995654	8.01589517432518	2.9982662149373	0	62.6507040640874	8.50012692633799	4.48337070110411	8.24595723183665	7.29119452165258	0.946055681821501	6.47807065476141	1.17438687141024	7.75571238261227	1.39811626569401	3.44765637639474	7.35719451555421	1.0282980956797	3.24302484424166	3.66644638466183	1.24513222813901	2.02320269261405	18.6536457568211	22.1441786446027
128218	0	0	0	0	0	0	0	0	0	0	0	0	0	0	0	0	0	0	0	0	0	1.99860490251655	0
84842	0	0	56.3674048408213	0	0.614222588863602	6.37509519475349	23.9113104058886	61.3865705036728	23.1992552961673	8.51450113639351	4.31871376984094	9.39509497128191	35.7955956120566	29.3604415795742	12.6414067134474	26.1589138330816	20.5659619135939	3.24302484424166	24.9318354157004	16.1867189658071	11.4648152581463	8.66062124423838	6.99289851934822
10103	31.1438532496378	13.0258296582784	87.5493734761692	0	11.0560065995448	38.250571168521	0	16.4919144636733	29.8276139522151	20.813225000073	31.3106748313468	17.6158030711536	72.1877844843142	55.9246506277604	28.7304698032895	81.7466057283801	21.5942600092736	16.2151242212083	21.998678307971	34.8637023878923	31.0224412867488	123.913503956026	96.735096184317
1580	0	0	11.3934116167617	0	9.21333883295403	93.5013961897179	1.49445690036804	1.83243494040814	0	27.4356147728235	1.07967844246023	0	1.19318652040189	6.99058132847005	33.3273449718158	4.90479634370281	0	7.29680589954373	0	0	8.76721166799422	82.6090026373507	9.32386469246429
163720	2.49150825997102	0	5.39687918688714	0	7.98489365522682	0	53.8004484132493	0	1.32567173120956	0	3.2390353273807	1.17438687141024	4.17615282140661	0	17.2382818819737	2.4523981718514	0	0	0	55.408384152186	3.37200448769009	13.3240326834437	3.49644925967411
1579	53.567427589377	0	10.1941051307868	0	0	0	8.96674140220822	4.58108735102036	3.3141793280239	11.352668181858	2.15935688492047	3.52316061423072	4.17615282140661	0	10.3429691291842	2.4523981718514	0	0	0.733289276932366	0.622566114069506	0.674400897538017	13.3240326834437	5.82741543279018
440590	1.24575412998551	42.0834496652072	416.759003876285	1426.60887992058	22.1120131990897	0	10.4611983025763	435.203298346934	82.8544832005976	113.52668181858	84.2149185118983	217.261571210894	638.951381675211	1.39811626569401	0	17.9842532602436	10.282980956797	2.43226863318124	38.131042400483	20.5446817642937	3.37200448769009	5.99581470754965	0
388633	0	0	0	0	0	0	0	0	0	0	0	0	0	0	1.14921879213158	0	4.11319238271879	0	0	0	0	0	0
4070	0	0	6.59618567286206	0	24.5689035545441	29.750444242183	0	2.74865241061222	15.9080607745147	1.892111363643	0	3.52316061423072	4.17615282140661	6.99058132847005	8.04453154492105	20.436651432095	12.3395771481564	2.43226863318124	13.1992069847826	2.49026445627802	24.2784323113686	9.32682287841056	9.32386469246429
100996301	0	0	0.59965324298746	56.2606318841918	13.5128969549992	0	1.49445690036804	32.9838289273466	4.63985105923346	6.62238977275051	76.6571694146767	81.0326941273064	0.596593260200944	0	0	4.08733028641901	18.5093657222345	8.10756211060415	4.3997356615942	79.6884626008967	3.37200448769009	0.666201634172183	0
27022	0	0	0.59965324298746	56.9304013113846	13.5128969549992	0	1.49445690036804	34.8162638677547	4.63985105923346	6.62238977275051	89.6133107241995	84.5558547415372	0.596593260200944	0	0	4.08733028641901	18.5093657222345	8.10756211060415	4.3997356615942	87.7818220838003	3.37200448769009	0.666201634172183	0
54112	2.49150825997102	0	1.19930648597492	68.9862510008543	0	38.250571168521	0	9.16217470204072	3.97701519362868	9.46055681821501	6.47807065476141	1.17438687141024	0	50.3321855649843	0	45.7780992078929	1.0282980956797	26.7549549649937	8.79947132318839	8.71592559697308	8.09281077045621	5.99581470754965	0
163479	79.7282643190728	58.1152400138576	19.1889037755987	0	0.614222588863602	0	52.3059915128813	1.83243494040814	9.94253798407171	8.51450113639351	0	9.39509497128191	13.1250517244208	9.78681385985807	0	39.2383707496225	0	5.6752934774229	3.66644638466183	27.3929090190583	0	15.9888392201324	9.32386469246429
105371242	41.1098862895219	0	67.760816457583	0	54.6658104088606	0	1.49445690036804	2.74865241061222	6.6283586560478	3.78422272728601	0	2.34877374282048	16.7046112856264	26.5642090481862	0	23.7065156612302	5.14149047839848	17.0258804322687	2.93315710772946	6.84822725476456	1.34880179507603	54.628534002119	102.562511617107
57530	14.9490495598261	103.204650369437	2.39861297194984	0	15.9697873104536	0	20.9223966051525	212.562453087345	51.0383616515681	0	53.9839221230117	58.7193435705119	70.9945979639123	4.19434879708203	0	1.6349321145676	1.0282980956797	4.86453726636249	21.998678307971	36.7314007301008	8.76721166799422	9.99302451258275	4.66193234623215
6097	1.24575412998551	4.00794758716259	0	0	1.2284451777272	0	0	0	5.30268692483824	5.67633409092901	0	2.34877374282048	2.38637304080378	11.1849301255521	1.14921879213158	17.1667872029598	3.08489428703909	0.810756211060415	0.733289276932366	1.86769834220852	4.0464053852281	22.6508555618542	18.6477293849286
57402	0	0	0.59965324298746	50.9024764666497	14.7413421327264	0	0	0	0	3.78422272728601	0	0	1.19318652040189	1.39811626569401	3.44765637639474	0	0	0.810756211060415	4.3997356615942	0	0	1.33240326834437	0
4582	1309.28759061477	1326.63065135082	292.031129334893	0	829.200494965863	104.12655484764	913.113166124871	193.321886213059	76.8889604101545	697.243037502447	187.864048988081	197.29699439692	503.524711609597	514.506785775396	1197.48598140111	114.445248019732	157.329608638994	222.957958041614	690.758498870289	346.146759422645	172.646629769732	126.578310492715	118.87927482892
57111	0	0	0	0	0	27.6254125105985	0	0	27.176270489796	24.597447727359	23.7529257341252	100.99727094128	0.596593260200944	22.3698602511042	13.7906255055789	16.349321145676	0	0.810756211060415	10.2660498770531	1.24513222813901	10.7904143606083	3.33100817086092	0
632	17.4405578197972	7.01390827753453	51.5701788969216	113.860802622769	20.2693454324989	74.3761106054574	91.1618709224503	51.308178331428	14.5823890433052	84.1989556821136	63.7010281051539	52.8474092134607	313.211461605496	215.309904916877	52.8640644380526	50.6828955515957	26.7357504876721	28.3764673871145	22.7319675849033	123.890656699832	7874.30487965389	30196.2552704884	4663.0978293187
284680	0	34.067554490882	20.3882102615736	0	0.614222588863602	4.250063463169	11.9556552029443	33.9000463975507	84.8429907974119	7.56844545457201	48.5855299107106	27.0108980424355	36.9887821324585	71.3039295503945	21.8351570505	70.3020809264069	3.08489428703909	2.43226863318124	43.997356615942	23.6575123346412	24.9528332089066	10.6592261467549	113.05185939613
2327	373.726238995654	56.1112662202763	0	44.2047821947221	136.35741472772	261.378902984893	0	13.7432620530611	29.8276139522151	143.800463636868	25.9122826190456	70.4632122846143	66.8184451425057	33.5547903766562	42.5210953088684	40.0558368069062	33.93383715743	66.482009306954	27.8649925234299	3.11283057034753	3.37200448769009	23.3170571960264	81.5838160590625
1999	14.9490495598261	1.00198689679065	2.39861297194984	0	4.29955812204521	0	20.9223966051525	2.74865241061222	4.63985105923346	0.946055681821501	3.2390353273807	3.52316061423072	1.19318652040189	0	0	0	0	2.43226863318124	4.3997356615942	0.622566114069506	0	5.32961307337747	0
115019	0	0	2.9982662149373	227.051835818346	22.1120131990897	61.6259202159504	2.98891380073607	4.58108735102036	5.30268692483824	0	2.15935688492047	2.34877374282048	0	1.39811626569401	1.14921879213158	31.0637101767844	6.16978857407818	12.1613431659062	6.59960349239129	10.5836239391816	15.5112206433744	7.9944196100662	15.1512801252545
1510	3.73726238995654	0	0	0	12.8986743661356	0	0	0	9.27970211846693	0.946055681821501	1.07967844246023	1.17438687141024	0	0	0	0.817466057283801	0	0	0.733289276932366	0	1.34880179507603	0	5.82741543279018
5284	0	0	0	0	0	0	0	0	0	0	2.15935688492047	1.17438687141024	0	0	0	11.4445248019732	0	0.810756211060415	13.1992069847826	10.5836239391816	1.34880179507603	1.99860490251655	0
79098	0	0	0	0	0	70.1260471422884	7.47228450184019	1.83243494040814	11.2682097152813	6.62238977275051	4.31871376984094	10.5694818426921	1.19318652040189	6.99058132847005	9.19375033705263	14.7143890311084	4.11319238271879	2.43226863318124	0.733289276932366	7.47079336883407	5.39520718030414	1.33240326834437	15.1512801252545
722	0	0	1.79895972896238	0	4.91378071090882	6.37509519475349	0	1.83243494040814	1.98850759681434	10.4066125000365	9.71710598214211	10.5694818426921	1.19318652040189	0	0	6.53972845827041	1.0282980956797	0	0	0	10.7904143606083	7.9944196100662	0
1380	8.72027890989859	44.0874234587885	0	0	11.0560065995448	10.6251586579225	41.844793210305	139.265055471019	1.32567173120956	0.946055681821501	15.1154981944433	22.3133505567945	0	11.1849301255521	1.14921879213158	0	8.22638476543757	0	0	2.49026445627802	125.438566942071	175.211029787284	88.5767145784108
255928	0	7.01390827753453	41.3760737661348	0	47.9093619313609	195.502919305774	1.49445690036804	525.908827897137	5.30268692483824	276.248259091878	1307.49059381934	923.068080928447	1.78977978060283	6.99058132847005	65.5054711515	104.635655332327	2.05659619135939	7.29680589954373	5.86631421545893	399.064879118553	4.0464053852281	21.3184522935099	18.6477293849286
406969	0	0	12.5927181027367	0	0.614222588863602	76.5011423370419	10.4611983025763	32.9838289273466	2.65134346241912	11.352668181858	15.1154981944433	5.87193435705119	10.142085423416	2.79623253138802	29.8796885954211	8.99212663012181	9.25468286111727	13.7828555880271	1.46657855386473	1.24513222813901	14.8368197458364	2.66480653668873	6.99289851934822
388743	39.8641321595364	0	4.79722594389968	0	0	106.251586579225	32.8780518080968	1.83243494040814	1.32567173120956	0	0	1.17438687141024	5.36933934180849	0	51.714845645921	20.436651432095	0	9.72907453272498	0	0	0	8.66062124423838	8.15838160590625
56896	0	0	14.391677831699	0	41.7671360427249	2.1250317315845	0	354.576160968976	1.98850759681434	0.946055681821501	41.0277808134889	166.762935740254	24.4603236682387	0	17.2382818819737	0	0	1.62151242212083	17.5989426463768	9.33849171104259	0	0	0
6496	0	16.0317903486504	346.599574446752	0	12.8986743661356	0	29.8891380073607	315.178809750201	1.98850759681434	29.3277261364665	14.0358197519831	81.0326941273064	25.0569169284396	6.99058132847005	5.74609396065789	4.08733028641901	2.05659619135939	38.9162981308999	30.7981496311594	3.73539668441703	16.8600224384504	0	0
6439	17.4405578197972	0	0	0	6.14222588863602	34.000507705352	0	7.32973976163258	10.6053738496765	52.0330625001826	22.6732472916649	16.4414161997433	10.738678683617	16.7773951883281	18.3875006741053	22.0715835466626	15.4244714351955	22.7011739096916	21.2653890310386	18.0544173080157	2.69760359015207	46.6341143920528	36.1299756832991
200407	7.47452477991307	0	0.59965324298746	0	2.45689035545441	0	0	18.3243494040814	13.2567173120956	0	9.71710598214211	11.7438687141024	4.77274608160755	36.3510229080442	0	43.3257010360415	14.3961733395158	6.48604968848332	25.6651246926328	25.5252106768497	41.8128556473571	30.6452751719204	90.9076807515268
9173	34.8811156395943	71.141069672136	34.1802348502852	35.4977796412163	212.521015746806	191.252855842605	1.49445690036804	0	53.0268692483824	88.9292340912211	1.07967844246023	24.662124299615	14.3182382448227	9.78681385985807	27.5812510111579	60.4924882390013	32.9055390617503	4.86453726636249	27.1317032464975	72.8402353461322	74.8584996267199	67.9525666855627	22.1441786446027
55289	0	0	36.5788478222351	214.995986128876	0.614222588863602	12.750190389507	1.49445690036804	16.4919144636733	7.29119452165258	16.0829465909655	1.07967844246023	15.2670293283331	25.0569169284396	27.9623253138802	11.4921879213158	24.523981718514	14.3961733395158	7.29680589954373	32.9980174619565	28.6380412471973	14.8368197458364	19.9860490251655	5.82741543279018
112268422	3.73726238995654	0	175.698400195326	0	25.1831261434077	465.381949217005	26.9002242066247	65.0514403844891	36.4559726082629	42.5725056819676	56.1432790079322	30.5340586566662	51.3070203772812	39.1472554394323	34.4765637639474	26.1589138330816	29.8206447747112	42.1593229751416	32.2647281850241	63.5017436350896	41.138454749819	17.9874441226489	45.4538403757634
654412	0	0	0	0	0	0	0	14.6594795232652	0.66283586560478	9.46055681821501	2.15935688492047	5.87193435705119	2.98296630100472	2.79623253138802	0	1.6349321145676	5.14149047839848	0.810756211060415	3.66644638466183	4.98052891255605	4.72080628276612	0.666201634172183	3.49644925967411
200373	0	0	0	0	43.6098038093157	78.6261740686264	20.9223966051525	53.1406132718362	7.95403038725737	9.46055681821501	83.1352400694381	29.359671785256	17.3012045458274	8.38869759416406	67.8039087357631	13.8969229738246	0	12.1613431659062	5.86631421545893	63.5017436350896	298.085196711804	197.861885349138	33.7990095101831
81615	3.73726238995654	91.180807607949	7.19583891584952	0	54.6658104088606	0	0	21.9892192848977	17.2337325057243	28.381670454645	98.2507382638814	152.670293283331	48.9206473364774	22.3698602511042	3.44765637639474	35.9685065204872	27.7640485833518	53.5099099299874	20.5320997541062	107.081371619955	36.4176484670529	36.6410898794701	19.8132124714866
80122	0	0	20.9878635045611	16.744235679819	17.8124550770445	80.7512058002109	5.97782760147215	11.9108271126529	9.94253798407171	64.3317863638621	31.3106748313468	30.5340586566662	16.7046112856264	19.5736277197161	1.14921879213158	72.7544790982583	8.22638476543757	3.24302484424166	20.5320997541062	30.5057395894058	7.41840987291819	15.9888392201324	18.6477293849286
151531	0	0	1.79895972896238	0	3.68533553318161	27.6254125105985	5.97782760147215	11.9108271126529	3.97701519362868	9.46055681821501	17.2748550793638	3.52316061423072	12.5284584642198	2.79623253138802	11.4921879213158	3.2698642291352	0	0	8.79947132318839	14.9415867376681	6.06960807784215	11.3254277809271	1.16548308655804
3694	0	0	1.79895972896238	0	1.2284451777272	2.1250317315845	0	0	0	1.892111363643	20.5138904067445	25.8365111710252	84.1196496883331	4.19434879708203	19.5367194662368	23.7065156612302	7.19808666975788	2.43226863318124	7.33289276932366	11.2061900532511	2.69760359015207	2.66480653668873	4.66193234623215
6332	102.151838658812	0	11.3934116167617	0	27.0257939099985	123.251840431901	37.3614225092009	7.32973976163258	3.3141793280239	0.946055681821501	2.15935688492047	29.359671785256	2.98296630100472	9.78681385985807	0	3.2698642291352	15.4244714351955	0.810756211060415	0.733289276932366	1.24513222813901	16.1856215409124	0.666201634172183	26.8061109908348
1746	0	2.0039737935813	3.59791945792476	0	22.1120131990897	0	2.98891380073607	132.85153317959	12.5938814464908	9.46055681821501	79.8962047420574	568.403245762555	50.7104271170802	8.38869759416406	435.553922217868	8.17466057283801	6.16978857407818	29.9979798092353	43.997356615942	43.5796279848654	48.5568646227372	31.3114768060926	34.9644925967411
406903	0	5.00993448395324	14.391677831699	0	0.614222588863602	0	0	24.7378716955099	5.96552279044302	76.6305102275416	17.2748550793638	5.87193435705119	31.61944279065	39.1472554394323	28.7304698032895	10.6270587446894	16.4527695308751	29.9979798092353	13.1992069847826	18.6769834220852	16.8600224384504	11.3254277809271	36.1299756832991
33	128.312675388508	67.1331220849734	106.738277251768	0	0	554.633281943554	158.412431439012	109.029878954285	1.32567173120956	8.51450113639351	170.589193908717	115.089913398203	35.7955956120566	13.9811626569401	45.9687516852632	7.35719451555421	5.14149047839848	1.62151242212083	12.4659177078502	122.022958357623	31.0224412867488	13.3240326834437	24.4751448177188
102465485	13.7032954298406	21.0417248326036	0.59965324298746	0.66976942719276	20.8835680213625	0	13.4501121033123	7.32973976163258	7.29119452165258	35.9501159092171	22.6732472916649	18.7901899425638	2.98296630100472	6.99058132847005	8.04453154492105	8.99212663012181	19.5376638179142	22.7011739096916	7.33289276932366	4.35796279848654	10.1160134630703	4.66341143920528	26.8061109908348
130367	13.7032954298406	15.0298034518597	139.719205616078	0	70.6355977193142	4.250063463169	65.7561036161936	25.654089165714	20.5479118337482	52.9791181820041	5.39839221230117	9.39509497128191	16.7046112856264	40.5453717051263	1.14921879213158	124.254840707138	7.19808666975788	35.6732732866583	8.06618204625602	14.9415867376681	22.2552296187546	10.6592261467549	17.4822462983705
100130449	22.4235743397392	0	34.1802348502852	0	18.4266776659081	57.3758567527814	124.039922730547	76.046050026938	13.2567173120956	19.8671693182515	36.709067043648	16.4414161997433	39.9717484334632	9.78681385985807	54.0132832301842	22.8890496039464	4.11319238271879	15.4043680101479	38.8643316774154	17.4318511939462	10.7904143606083	15.9888392201324	9.32386469246429
63924	173.159824067986	0	30.5823153923605	0	48.5235845202246	12.750190389507	0	8.24595723183665	0	3.78422272728601	7.55774909722164	0	0	0	70.1023463200263	22.0715835466626	1.0282980956797	2.43226863318124	0	15.5641528517376	0	1.99860490251655	0
7433	17.4405578197972	1.00198689679065	10.1941051307868	0	14.1271195438628	2.1250317315845	0	41.2297861591832	17.8965683713291	58.6554522729331	20.5138904067445	35.2316061423072	7.75571238261227	1.39811626569401	18.3875006741053	22.0715835466626	26.7357504876721	10.5398307437854	19.7988104771739	19.9221156502242	13.4880179507603	29.3128719035761	1.16548308655804
4057	26.1608367296958	77.1529910528799	47.3726061960094	0	24.5689035545441	1972.02944691041	0	273.949023591018	68.9349300228972	50.1409511365396	14.0358197519831	7.04632122846143	112.159532917777	18.1755114540221	14.9398442977105	115.262714077016	64.7827800278209	38.9162981308999	8.06618204625602	135.719412867152	26.3016350039827	28.6466702694039	50.1157727219956
201625	0	21.0417248326036	64.1628969996582	0.66976942719276	41.7671360427249	552.508250211969	177.840371143796	3.66486988081629	8.61686625286215	153.261020455083	12.9561413095228	2.34877374282048	32.8126293110519	152.394672960647	27.5812510111579	81.7466057283801	16.4527695308751	25.9441987539333	10.2660498770531	51.672987467769	30.3480403892108	29.9790735377482	27.9715940773929
11148	0	0	0	0	0	91.3763644581334	11.9556552029443	0	0	2.8381670454645	2.15935688492047	0	3.57955956120566	0	0	7.35719451555421	0	0	0	0.622566114069506	0	1.33240326834437	0
285335	57.3046899793336	23.0456986261849	70.1594294295328	0	107.48895305113	204.003046232112	8.96674140220822	96.2028343714276	92.7970211846693	62.4396750002191	44.2668161408696	23.4877374282048	119.91524530039	88.0813247387226	19.5367194662368	89.9212663012181	141.905137203798	38.1055419198395	41.0641995082125	77.1981981446187	84.9745130897902	52.6299290996025	96.735096184317
256076	46.092902809464	0	0	148.688812836793	19.6551228436353	0	0	0	13.9195531777004	3.78422272728601	1.07967844246023	2.34877374282048	1.78977978060283	5.59246506277604	0	17.1667872029598	7.19808666975788	0	0	23.6575123346412	4.0464053852281	0.666201634172183	0
131873	129.558429518493	10.0198689679065	2.9982662149373	29.4698547964814	12.8986743661356	694.885376228131	7.47228450184019	30.2351765167344	31.1532856834247	208.13225000073	137.11916219245	205.517702496792	62.6422923210991	53.1284180963724	13.7906255055789	22.8890496039464	31.8772409660706	46.2131040304436	42.5307780620772	64.1243097491591	10.7904143606083	32.643880074437	36.1299756832991
51208	52.3216734593915	101.200676575855	58.1663645697836	158.065584817491	76.1636010190866	216.753236621619	209.223966051525	78.7947024375502	70.2606017541067	177.858468182442	72.3384556448357	109.217979041152	242.813456901784	208.319323588407	74.6992214885526	111.175383790597	51.4149047839848	140.260824513452	200.187972602536	85.9141237415918	64.7424861636496	87.9386157107282	60.6051205010179
401089	0	0	0	0	40.5386908649977	0	74.7228450184019	187.824581391835	99.4253798407171	75.6844545457201	95.0117029365007	130.356942726536	3.57955956120566	1.39811626569401	19.5367194662368	0	63.7544819321412	24.3226863318124	75.5287955240337	18.6769834220852	4.72080628276612	0	0
79740	0	0	3.59791945792476	0	15.9697873104536	0	74.7228450184019	90.7055295502031	2.65134346241912	5.67633409092901	58.3026358928527	17.6158030711536	1.19318652040189	0	0	26.1589138330816	0	6.48604968848332	0	9.96105782511209	8.76721166799422	1.33240326834437	4.66193234623215
27074	44.8471486794784	56.1112662202763	71.3587359155078	0	891.85119902995	170.00253852676	49.3170777121452	29.3189590465303	617.763026743655	101.227957954901	61.5416712202334	103.346044684101	78.7503103465246	85.2850922073346	33.3273449718158	663.782438514446	162.471099117392	158.908217367841	147.391144663406	107.703937734025	52.6032700079653	57.9595421729799	66.4325359338081
9370	966.705204868757	0	13.1923713457241	118.549188613118	29.4826842654529	61.6259202159504	0	9.16217470204072	0	2.8381670454645	28.0716395039661	2.34877374282048	0	1.39811626569401	160.890630898421	0.817466057283801	0	5.6752934774229	0	3.11283057034753	0	3.9972098050331	23.3096617311607
100874095	953.001909438917	0	13.1923713457241	118.549188613118	29.4826842654529	61.6259202159504	0	9.16217470204072	0	2.8381670454645	26.9919610615059	2.34877374282048	0	1.39811626569401	152.8460993535	0.817466057283801	0	7.29680589954373	0	1.86769834220852	0	3.9972098050331	16.3167632118125
57110	164.439545158088	1.00198689679065	0	0	0	0	5.97782760147215	43.9784385697955	33.8046291458438	4.73027840910751	41.0277808134889	62.2425041847426	4.17615282140661	5.59246506277604	10.3429691291842	3.2698642291352	3.08489428703909	25.9441987539333	0	11.2061900532511	6.74400897538017	1.33240326834437	3.49644925967411
84239	0	3.00596069037194	70.7590826725203	0	36.2391327429525	4.250063463169	38.855879409569	25.654089165714	38.4444802050773	20.813225000073	29.1513179464263	8.22070809987167	32.216036050851	2.79623253138802	9.19375033705263	6.53972845827041	9.25468286111727	5.6752934774229	17.5989426463768	87.1592559697308	33.7200448769009	17.3212424884768	34.9644925967411
4585	350.056910525929	681.351089817641	660.218220529194	0	2042.29010797148	391.005838611548	1865.08221165931	45.8108735102036	87.494334259831	39.7343386365031	169.509515466257	29.359671785256	40.5683416936642	27.9623253138802	6.89531275278947	521.543344547065	74.0374628889382	88.3724270055852	469.305137236714	156.264094631446	61.3704816759596	29.9790735377482	26.8061109908348
339983	22.4235743397392	27.0536462133475	13.7920245887116	0	0	0	0	82.4595723183665	1.98850759681434	1.892111363643	6.47807065476141	7.04632122846143	1.78977978060283	4.19434879708203	13.7906255055789	31.8811762340682	0	55.1314223521082	0	1.86769834220852	0.674400897538017	0.666201634172183	1.16548308655804
105374373	1.24575412998551	3.00596069037194	1.19930648597492	0	0.614222588863602	2.1250317315845	0	18.3243494040814	17.8965683713291	12.2987238636795	8.63742753968188	3.52316061423072	3.57955956120566	37.7491391737383	0	40.8733028641901	8.22638476543757	1.62151242212083	9.53276060012076	4.98052891255605	8.76721166799422	5.99581470754965	27.9715940773929
10568	0	0	0	0	3.07111294431801	0	1.49445690036804	11.9108271126529	1.98850759681434	6.62238977275051	10.7967844246023	37.5803798851276	3.57955956120566	4.19434879708203	3.44765637639474	11.4445248019732	4.11319238271879	7.29680589954373	13.932496261715	1.24513222813901	0	0	2.33096617311607
886	0	13.0258296582784	1.19930648597492	0	15.9697873104536	554.633281943554	0	327.089636862854	10.6053738496765	274.356147728235	3061.96806281723	18.7901899425638	26.2501034488415	206.921207322713	6.89531275278947	42.5082349787577	0	14.5936117990875	16.132364092512	4.98052891255605	0	35.3086866111257	0
84525	48.584411069435	3.00596069037194	0.59965324298746	255.182151760441	6.75644847749962	0	5.97782760147215	61.3865705036728	27.8391063554008	18.92111363643	3.2390353273807	55.1961829562812	4.77274608160755	25.1660927824922	9.19375033705263	32.698642291352	16.4527695308751	20.2689052765104	33.7313067388888	16.8092850798767	4.72080628276612	8.66062124423838	22.1441786446027
8999	0	13.0258296582784	0.59965324298746	0	16.5840098993173	12.750190389507	0	20.1567843444896	14.5823890433052	61.4936193183976	6.47807065476141	2.34877374282048	10.142085423416	20.9717439854101	9.19375033705263	48.2304973797443	9.25468286111727	0	13.1992069847826	97.1203137948429	12.8136170532223	10.6592261467549	32.633526423625
419	27.4065908596813	0	3.59791945792476	0	1.2284451777272	0	16.4390259040484	4.58108735102036	3.3141793280239	6.62238977275051	63.7010281051539	8.22070809987167	5.36933934180849	26.5642090481862	2.29843758426316	0.817466057283801	25.7074523919924	0	0	0.622566114069506	3.37200448769009	0	13.9857970386964
306	102.151838658812	108.21458485339	5.9965324298746	79.7025618359384	27.6400164988621	665.134931985948	0	128.27044582857	43.7471671299155	38.7882829546816	104.728808918643	82.2070809987167	135.426670065614	16.7773951883281	17.2382818819737	34.3335744059196	35.9904333487894	12.9720993769666	27.8649925234299	47.9375907833519	17.5344233359884	11.3254277809271	5.82741543279018
56955	492.072881344277	339.67355801203	334.606509587003	873.379333059359	38.0818005095433	393.130870343132	6456.05380958992	650.514403844891	0	247.866588637233	6.47807065476141	1.17438687141024	2318.36140914087	232.087300105206	222.948445673526	57.2226240098661	8.22638476543757	34.0517608645374	65.2627456469806	1233.30347197169	193.553057593411	501.649830531654	121.210241002036
54848	0	0	0	0	0	0	0	0	0	1.892111363643	1.07967844246023	0	0	0	0	5.72226240098661	0	0	0.733289276932366	5.60309502662555	0	3.9972098050331	0
57575	0	12.0238427614878	36.5788478222351	0	9.21333883295403	70.1260471422884	283.946811069927	307.849069988568	1.98850759681434	135.285962500475	152.234660386893	281.852849138457	161.676773514456	127.228580178155	350.511731600132	17.9842532602436	10.282980956797	45.4023478193832	2.1998678307971	5.60309502662555	28.9992385941347	39.3058964161588	36.1299756832991
2266	0	0	0	0	0	0	0	0.916217470204072	0	0	0	0	2.98296630100472	0	0	2.4523981718514	0	0.810756211060415	0	0.622566114069506	1.34880179507603	0.666201634172183	0
3248	34.8811156395943	425.844431136025	69.5597761865454	32.8187019324452	530.074094189288	155.127316405668	5.97782760147215	31.1513939869384	180.2913554445	141.908352273225	29.1513179464263	42.2779273707686	35.7955956120566	1465.22584644732	22.9843758426316	591.845425473472	59.6412895494224	111.884357126337	85.0615561241544	102.100842707399	93.0673238602464	81.2765993690063	124.70669026171
2160	0	0	10.1941051307868	146.009735128022	16.5840098993173	0	49.3170777121452	0	7.29119452165258	7.56844545457201	68.0197418749948	34.0572192708969	5.96593260200944	0	0	23.7065156612302	0	0	10.2660498770531	3.11283057034753	4.0464053852281	6.66201634172183	10.4893477790223
448831	0	22.0437117293943	0.59965324298746	45.5443210491077	5.52800329977242	44.6256663632745	13.4501121033123	8.24595723183665	3.3141793280239	1.892111363643	12.9561413095228	182.029965068587	5.96593260200944	8.38869759416406	0	10.6270587446894	6.16978857407818	12.9720993769666	30.064860354227	28.6380412471973	15.5112206433744	1.99860490251655	3.49644925967411
100419743	13.7032954298406	1.00198689679065	0	8.03723312631312	0	8.50012692633799	26.9002242066247	416.878948942853	0.66283586560478	4.73027840910751	36.709067043648	163.239775126023	1.19318652040189	11.1849301255521	0	4.90479634370281	1.0282980956797	15.4043680101479	10.9993391539855	0	4.72080628276612	1.99860490251655	11.6548308655804
1767	247.905071867117	68.1351089817641	13.7920245887116	0	82.3058269077227	357.005330906196	86.6785002213462	118.192053656325	44.4100029955203	12.2987238636795	24.8326041765854	4.69754748564095	5.96593260200944	43.3416042365143	230.992977218447	68.6671488118393	21.5942600092736	227.011739096916	24.1985461387681	6.84822725476456	7.41840987291819	33.3100817086092	5.82741543279018
4883	203.057923187638	116.230480027715	92.9462526630563	0	340.279314230435	125.376872163485	156.917974538644	254.708456716732	51.7011975171729	15.136890909144	49.6652083531708	30.5340586566662	113.94931269838	26.5642090481862	451.64298530771	375.216920293265	298.206447747112	73.7788152064978	10.2660498770531	125.75835504204	18.8832251310645	31.9776784402648	90.9076807515268
730	1837.48734172863	2.0039737935813	79.7538813173322	123.237574603468	1107.44332772107	140.252094284577	29.8891380073607	38.481133748571	110.693589555998	0.946055681821501	66.9400634325346	488.544938506659	3.57955956120566	6.99058132847005	250.529696684684	16.349321145676	37.0187314444691	56.752934774229	3.66644638466183	12.4513222813901	10.7904143606083	51.9637274654303	39.6264249429732
105379028	1.24575412998551	2.0039737935813	0.59965324298746	0	1.84266776659081	2.1250317315845	2.98891380073607	14.6594795232652	8.61686625286215	3.78422272728601	7.55774909722164	2.34877374282048	2.38637304080378	18.1755114540221	10.3429691291842	3.2698642291352	1.0282980956797	2.43226863318124	9.53276060012076	3.11283057034753	5.39520718030414	23.9832588301986	3.49644925967411
84059	950.510401178946	183.363602112689	244.058869895896	0	78.0062687856774	686.385249301793	508.115346125133	86.1244421991828	17.2337325057243	17.9750579546085	1251.34731481141	853.779255515243	220.142913014148	33.5547903766562	2053.65398153913	35.1510404632034	40.1036257315082	25.1334425428729	36.6644638466183	503.65598628223	437.011781604635	1433.66591673854	856.630068620157
153643	0	0	43.7746867380846	0	3.68533553318161	0	0	7.32973976163258	13.2567173120956	24.597447727359	2.15935688492047	11.7438687141024	9.5454921632151	0	4.59687516852632	36.785972577771	0	12.1613431659062	1.46657855386473	19.9221156502242	4.0464053852281	19.9860490251655	5.82741543279018
353189	3.73726238995654	8.01589517432518	0	376.410418082331	8.59911624409043	0	0	21.9892192848977	15.24522490891	29.3277261364665	14.0358197519831	52.8474092134607	26.2501034488415	39.1472554394323	2.29843758426316	6.53972845827041	1.0282980956797	11.3505869548458	6.59960349239129	21.7898139924327	41.8128556473571	89.2710189790726	13.9857970386964
57528	3.73726238995654	0	3.59791945792476	0	0	0	0	13.7432620530611	0.66283586560478	0	1.07967844246023	1.17438687141024	1.78977978060283	0	0	0	18.5093657222345	13.7828555880271	5.86631421545893	1.24513222813901	7.41840987291819	13.3240326834437	12.8203139521384
117156	31.1438532496378	56.1112662202763	238.062337466022	0	0	0	0	0	0	0	0	2.34877374282048	16.7046112856264	27.9623253138802	43.670314101	2.4523981718514	39.0753276358285	0.810756211060415	2.1998678307971	15.5641528517376	7.41840987291819	1.33240326834437	10.4893477790223
92304	0	1.00198689679065	6.59618567286206	0	2.45689035545441	0	8.96674140220822	5.49730482122443	0	0	4.31871376984094	2.34877374282048	0	0	0	0	2.05659619135939	0	0	0	0	5.32961307337747	1.16548308655804
79908	98.4145762688555	52.1033186331137	3.59791945792476	13.3953885438552	0	0	0	0	12.5938814464908	20.813225000073	2.15935688492047	4.69754748564095	4.17615282140661	5.59246506277604	11.4921879213158	1.6349321145676	7.19808666975788	0.810756211060415	5.13302493852656	3.73539668441703	22.9296305162926	0.666201634172183	15.1512801252545
10917	0	3.00596069037194	0	0	0	0	0	0	7.29119452165258	2.8381670454645	0	5.87193435705119	7.75571238261227	0	3.44765637639474	7.35719451555421	0	17.0258804322687	0.733289276932366	1.86769834220852	1.34880179507603	6.66201634172183	0
389376	0	0	0	0	0	0	0	0	0	0	0	0	0	0	0	3.2698642291352	0	0	0	0	0	1.99860490251655	0
135656	0	37.073515181254	43.7746867380846	0	15.9697873104536	0	0	2.74865241061222	24.5249270273769	48.2488397728966	5.39839221230117	16.4414161997433	4.17615282140661	11.1849301255521	4.59687516852632	36.785972577771	5.14149047839848	18.6473928543895	2.93315710772946	11.8287561673206	5.39520718030414	2.66480653668873	0
80736	8.72027890989859	0	0	0	0.614222588863602	2.1250317315845	0	1.83243494040814	15.9080607745147	17.9750579546085	15.1154981944433	31.7084455280764	17.3012045458274	1.39811626569401	34.4765637639474	70.3020809264069	11.3112790524767	8.91831832166456	13.1992069847826	17.4318511939462	24.2784323113686	31.9776784402648	32.633526423625
177	305.20976184645	288.572226275707	197.885570185862	529.787616909473	127.144075894766	454.756790559083	171.862543542324	107.197444013876	255.854644123445	501.409511365396	102.569452033722	284.201622881278	192.103029784704	178.958882008833	282.707822864368	175.755202316017	209.772811518658	205.932077609345	232.45270078756	247.781313399663	186.809048618031	418.374626260131	272.72304225458
5225	0	10.0198689679065	7.19583891584952	0	0	6.37509519475349	10.4611983025763	54.9730482122443	0.66283586560478	0	0	0	1.78977978060283	1.39811626569401	0	4.08733028641901	0	0	0	2.49026445627802	1.34880179507603	7.32821797589401	1.16548308655804
441151	0	3.00596069037194	16.7902908036489	0	0	0	10.4611983025763	70.5487452057135	0.66283586560478	3.78422272728601	63.7010281051539	9.39509497128191	2.38637304080378	25.1660927824922	0	0	7.19808666975788	0.810756211060415	2.1998678307971	5.60309502662555	4.0464053852281	1.99860490251655	0
27283	0	9.01788207111583	0	0	0	0	0	0	1.32567173120956	15.136890909144	0	0	0	0	0	0	0	3.24302484424166	0	1.86769834220852	0.674400897538017	0	0
245806	84.7112808390148	29.0576200069288	0	0	0	0	0	25.654089165714	146.486726298656	13.244779545501	118.764628670626	132.705716469357	0.596593260200944	22.3698602511042	0	2.4523981718514	28.7923466790315	269.981818283118	10.2660498770531	44.8247602130044	0	0	40.7919080295313
168090	0	0	0	0	0	0	16.4390259040484	3.66486988081629	0.66283586560478	0	0	4.69754748564095	8.35230564281321	0	0	0.817466057283801	6.16978857407818	0	0.733289276932366	1.24513222813901	0	1.33240326834437	0
10551	7.47452477991307	0	23.3864764765109	0	0	0	47.8226208117772	0	1.32567173120956	24.597447727359	11.8764628670626	2.34877374282048	3.57955956120566	27.9623253138802	6.89531275278947	2.4523981718514	2.05659619135939	0	0	9.96105782511209	2.02320269261405	8.66062124423838	0
155465	0	0	0	0	0	0	16.4390259040484	0	0	4.73027840910751	0	7.04632122846143	0	1.39811626569401	0	0	2.05659619135939	0	0.733289276932366	0	0	0	3.49644925967411
4852	39.8641321595364	0	21.5875167475486	0	12.284451777272	0	16.4390259040484	57.7217006228565	0	0	6.47807065476141	3.52316061423072	0	100.664371129969	0	0	0	0	0.733289276932366	2.49026445627802	8.09281077045621	225.84235398437	376.451036958246
11185	49.8301651994205	0	8.9947986448119	0	31.3253520320437	2.1250317315845	17.9334828044164	6.4135222914285	29.1647780866103	11.352668181858	51.8245652380913	34.0572192708969	10.738678683617	39.1472554394323	9.19375033705263	71.1195469836907	11.3112790524767	3.24302484424166	6.59960349239129	4.98052891255605	6.06960807784215	69.9511715880792	9.32386469246429
6969	0	11.0218558646971	0	0	8.59911624409043	0	0	0	0	0	1.07967844246023	0	1.19318652040189	0	0	1.6349321145676	0	0	5.13302493852656	1.24513222813901	0	0.666201634172183	1.16548308655804
222183	0	1.00198689679065	1.79895972896238	0	8.59911624409043	40.3756029001055	0	65.0514403844891	5.96552279044302	19.8671693182515	57.2229574503924	116.264300269614	11.9318652040189	23.7679765167982	37.9242201403421	21.2541174893788	12.3395771481564	81.8863773171019	19.0655212002415	11.2061900532511	6.74400897538017	8.66062124423838	12.8203139521384
563	44.8471486794784	0	0	0	13.5128969549992	0	10.4611983025763	17.4081319338774	0	0	1.07967844246023	0	0	0	10.3429691291842	0	0	0	0	0	0	3.33100817086092	3.49644925967411
10071	752.435494511249	718.424604998895	1064.98415954573	2.00930828157828	1881.97801227808	2998.41977326573	5516.04041925842	1475.11012702856	619.75153434047	435.185613637891	1134.74204302571	85.7302416129474	832.844191240518	451.591553819165	16423.4857583524	2110.69735990677	267.357504876721	778.325962617998	1938.81684820918	410.271069171804	329.107637998552	471.004555359734	552.438983028509
375612	0	0	0	0	0	0	0	5.49730482122443	2.65134346241912	1.892111363643	2.15935688492047	4.69754748564095	0	5.59246506277604	0	1.6349321145676	0	0	0	0	0.674400897538017	7.9944196100662	10.4893477790223
1080	0	0	0	0	0	0	34.3725087084649	1.83243494040814	0	20.813225000073	14.0358197519831	14.0926424569229	0.596593260200944	0	1.14921879213158	0	0	0	2.93315710772946	5.60309502662555	0	0.666201634172183	0
1180	43.6013945494929	0	26.9843959344357	0	0.614222588863602	0	0	8.24595723183665	8.61686625286215	49.1948954547181	5.39839221230117	28.1852849138457	4.17615282140661	37.7491391737383	14.9398442977105	40.8733028641901	23.650856200633	8.10756211060415	10.2660498770531	12.4513222813901	2.69760359015207	5.99581470754965	31.468043337067
100506380	0	18.0357641422317	11.3934116167617	0	10.4417840106812	2.1250317315845	20.9223966051525	132.85153317959	101.413887437531	45.4106727274321	134.959805307529	116.264300269614	20.2841708468321	2.79623253138802	141.353911432184	33.5161083486358	3.08489428703909	12.1613431659062	42.5307780620772	8.71592559697308	4.0464053852281	13.3240326834437	9.32386469246429
9228	0	0	38.9774607941849	0	27.0257939099985	184.877760647851	52.3059915128813	102.616356662856	2.65134346241912	3.78422272728601	6.47807065476141	15.2670293283331	0	4.19434879708203	401.077358453921	14.7143890311084	0	4.05378105530207	88.7280025088163	0	2.02320269261405	10.6592261467549	24.4751448177188
101929066	0	0	19.1889037755987	2.00930828157828	10.4417840106812	0	19.4279397047845	5.49730482122443	2.65134346241912	2.8381670454645	10.7967844246023	5.87193435705119	4.77274608160755	13.9811626569401	1.14921879213158	1.6349321145676	5.14149047839848	0.810756211060415	2.1998678307971	13.6964545095291	4.72080628276612	8.66062124423838	3.49644925967411
6440	0	1.00198689679065	1.79895972896238	0	0	0	106.106439926131	10.0783921722448	3.97701519362868	6.62238977275051	6.47807065476141	11.7438687141024	22.6705438876359	6.99058132847005	21.8351570505	3.2698642291352	26.7357504876721	24.3226863318124	10.2660498770531	3.73539668441703	1.34880179507603	5.99581470754965	18.6477293849286
157310	8.72027890989859	0	4.19757270091222	0	0	0	4.48337070110411	0	0	13.244779545501	3.2390353273807	21.1389636853843	0	1.39811626569401	22.9843758426316	15.5318550883922	6.16978857407818	0	0	0	2.69760359015207	6.66201634172183	0
6101	0	10.0198689679065	5.39687918688714	0	6.14222588863602	63.7509519475349	35.8669656088329	4.58108735102036	38.4444802050773	45.4106727274321	1.07967844246023	3.52316061423072	47.1308675558746	5.59246506277604	21.8351570505	128.342170993557	22.6225581049533	47.8346164525645	22.7319675849033	209.804780441423	30.3480403892108	66.6201634172183	1.16548308655804
107984125	69.7622312791887	0	17.9895972896238	0	0	0	0	7.32973976163258	9.27970211846693	6.62238977275051	0	0	10.738678683617	13.9811626569401	32.1781261796842	67.8496827545555	12.3395771481564	3.24302484424166	4.3997356615942	23.6575123346412	14.8368197458364	25.9818637327151	10.4893477790223
195814	0	0	0	0	17.1982324881809	0	14.9445690036804	4.58108735102036	0	8.51450113639351	1.07967844246023	11.7438687141024	0	0	35.6257825560789	0	2.05659619135939	0	1.46657855386473	11.2061900532511	0	1.99860490251655	0
646480	1.24575412998551	0	336.405469315965	0	4.91378071090882	0	5.97782760147215	0	0	4.73027840910751	11.8764628670626	2.34877374282048	1.78977978060283	0	0	0	2.05659619135939	0	0	3.11283057034753	0	0	0
79977	0	0	34.1802348502852	0	0	0	0	0	16.5708966401195	9.46055681821501	0	8.22070809987167	1.78977978060283	4.19434879708203	0	20.436651432095	0	0	38.8643316774154	12.4513222813901	0	2.66480653668873	12.8203139521384
100506753	9.9660330398841	17.033777245441	1.79895972896238	0	1.2284451777272	2.1250317315845	0	0	5.30268692483824	12.2987238636795	16.1951766369035	14.0926424569229	3.57955956120566	2.79623253138802	8.04453154492105	6.53972845827041	3.08489428703909	0.810756211060415	7.33289276932366	1.86769834220852	5.39520718030414	6.66201634172183	11.6548308655804
9699	98.4145762688555	190.377510390223	19.7885570185862	0	101.346727162494	17.000253852676	56.7893622139854	689.911755063666	22.5364194305625	31.2198375001095	412.43716501981	569.577632633966	87.1026159893378	946.524711874845	106.877347668237	33.5161083486358	6.16978857407818	157.28670494572	89.4612917857486	1573.84713636771	22.2552296187546	98.5978418574831	76.9218837128304
93035	68.5164771492032	9.01788207111583	37.1785010652225	0	140.042750260901	23.3753490474295	89.6674140220822	0.916217470204072	11.931045580886	13.244779545501	0	4.69754748564095	7.75571238261227	0	17.2382818819737	19.6191853748112	5.14149047839848	10.5398307437854	5.86631421545893	53.5406858099775	16.1856215409124	42.6369045870197	19.8132124714866
114569	0	20.039737935813	64.7625502426457	0	11.0560065995448	0	1.49445690036804	183.243494040814	9.94253798407171	0	45.3464945833299	55.1961829562812	3.57955956120566	0	683.785181318289	0	2.05659619135939	8.91831832166456	2.93315710772946	34.8637023878923	2.69760359015207	6.66201634172183	1.16548308655804
641384	251.642334257073	91.180807607949	179.895972896238	32.1489325052525	85.3769398520407	318.754759737675	152.43460383754	311.513939869385	71.5862734853163	43.5185613637891	36.709067043648	31.7084455280764	25.0569169284396	104.858719927051	14.9398442977105	39.2383707496225	58.6129914537427	121.613431659062	71.1290598624395	82.8012931712443	46.5336619301232	22.6508555618542	45.4538403757634
100302161	23.6693284697247	18.0357641422317	10.1941051307868	24.7814688061321	9.21333883295403	10.6251586579225	11.9556552029443	66.8838753248973	11.931045580886	9.46055681821501	10.7967844246023	24.662124299615	13.7216449846217	6.99058132847005	5.74609396065789	13.8969229738246	20.5659619135939	13.7828555880271	8.79947132318839	14.9415867376681	7.41840987291819	2.66480653668873	19.8132124714866
100302170	92.1858056189279	63.1251744978108	28.1837024204106	0	22.1120131990897	191.252855842605	86.6785002213462	196.070538623671	62.3065713668494	54.8712295456471	41.0277808134889	27.0108980424355	11.3352719438179	76.8963946131705	31.0289073875526	9.80959268740561	53.4715009753442	117.55965060376	47.6638030006038	41.0893635285874	15.5112206433744	12.6578310492715	15.1512801252545
100133669	1.24575412998551	5.00993448395324	28.7833556633981	0	4.29955812204521	4.250063463169	31.3835949077288	7.32973976163258	4.63985105923346	11.352668181858	7.55774909722164	4.69754748564095	4.17615282140661	0	3.44765637639474	6.53972845827041	1.0282980956797	4.05378105530207	7.33289276932366	1.86769834220852	26.9760359015207	55.9609372704634	8.15838160590625
4062	0	1.00198689679065	0	0	13.5128969549992	0	0	28.4027415763262	6.6283586560478	6.62238977275051	18.354533521824	36.4059930137174	7.75571238261227	8.38869759416406	0	0.817466057283801	10.282980956797	4.86453726636249	2.1998678307971	49.8052891255605	0	0	0
58524	54.8131817193625	8.01589517432518	2.9982662149373	0	6.14222588863602	2.1250317315845	0	4.58108735102036	39.107316070682	19.8671693182515	32.390353273807	14.0926424569229	13.7216449846217	9.78681385985807	150.547661769237	12.261990859257	50.3866066883051	3.24302484424166	3.66644638466183	26.1477767909192	15.5112206433744	11.3254277809271	19.8132124714866
401492	87.2027890989858	32.0635806973007	0	0	1.84266776659081	0	0	17.4081319338774	176.314340250872	5.67633409092901	8.63742753968188	3.52316061423072	6.56252586221038	11.1849301255521	19.5367194662368	56.4051579525823	119.282579098845	0	5.13302493852656	23.6575123346412	6.06960807784215	7.32821797589401	16.3167632118125
8395	85.9570349690003	51.101331736323	11.9930648597492	477.545601588438	78.0062687856774	214.628204890034	55.2949053136174	300.519330226936	23.1992552961673	30.273781818288	59.3823143353129	201.994541882561	79.9434968669265	97.8681385985807	33.3273449718158	211.723708836504	46.2734143055864	62.4282282516519	110.726680816787	57.2760824943945	153.08900374113	85.9400108082116	255.24079595621
54769	0	0	2.9982662149373	0	0	0	0	23.8216542253059	11.931045580886	1.892111363643	55.063600565472	52.8474092134607	2.38637304080378	127.228580178155	12.6414067134474	175.755202316017	3.08489428703909	7.29680589954373	37.3977531235507	16.1867189658071	59.3472789833455	35.3086866111257	229.600168051933
1515	34.8811156395943	5.00993448395324	13.1923713457241	0	0	0	16.4390259040484	214.394888027753	2.65134346241912	8.51450113639351	85.2945969543586	217.261571210894	11.3352719438179	0	111.474222836763	0.817466057283801	1.0282980956797	14.5936117990875	22.7319675849033	19.2995495361547	3.37200448769009	9.99302451258275	0
733	17.4405578197972	0	0	0	6.14222588863602	14.8752221210915	10.4611983025763	1.83243494040814	3.3141793280239	4.73027840910751	5.39839221230117	2.34877374282048	8.94889890301416	15.3792789226341	1.14921879213158	13.0794569165408	3.08489428703909	4.05378105530207	5.13302493852656	1.24513222813901	2.02320269261405	3.9972098050331	5.82741543279018
105	0	0	0	0	1.2284451777272	0	0	1.83243494040814	0	0	20.5138904067445	386.373280693968	12.5284584642198	2.79623253138802	0	3.2698642291352	2.05659619135939	1.62151242212083	7.33289276932366	1.24513222813901	0	5.32961307337747	0
83643	166.931053418059	285.566265585335	85.1507605042193	0	98.8898368070399	82.8762375317954	147.951233136436	1784.79163195753	176.314340250872	54.8712295456471	1020.29612812492	359.362382651533	642.530941236417	131.422928975237	3841.83842209587	434.074476417698	142.933435299478	158.908217367841	4201.74755682246	329.960040456838	114.648152581463	185.870255934039	273.888525341139
10529	168.176807548044	275.546396617428	275.840491774232	0	146.184976149537	473.882076143343	538.004484132493	159.421839815509	66.9464224260828	31.2198375001095	318.505140525769	213.738410596663	56.0797664588887	34.9529066423502	91.9375033705263	56.4051579525823	24.6791542963127	37.2947857087791	6.59960349239129	494.317494571188	103.857738220855	31.3114768060926	16.3167632118125
399726	0	2.0039737935813	39.5771140371724	0	6.14222588863602	2.1250317315845	4.48337070110411	311.513939869385	44.4100029955203	21.7592806818945	124.163020882927	214.912797468074	149.148315050236	86.6832084730286	142.503130224316	43.3257010360415	51.4149047839848	33.241004653477	46.9305137236714	40.4667974145179	41.8128556473571	17.3212424884768	31.468043337067
693188	0	0	0	0	0	27.6254125105985	0	11.9108271126529	7.95403038725737	28.381670454645	7.55774909722164	25.8365111710252	10.738678683617	9.78681385985807	10.3429691291842	8.17466057283801	7.19808666975788	10.5398307437854	13.932496261715	10.5836239391816	1.34880179507603	1.99860490251655	6.99289851934822
22943	18.6863119497827	38.0755020780446	34.7798880932727	0	19.0409002547717	0	802.523355497636	435.203298346934	12.5938814464908	44.4646170456106	396.241988382906	334.700258351918	126.4777711626	817.898015430996	10275.1652204484	8.99212663012181	1.0282980956797	17.8366366433291	15.3990748155797	43.5796279848654	26.3016350039827	88.6048173449004	32.633526423625
65217	0	0	11.9930648597492	0	0	263.503934716478	85.1840433209781	8.24595723183665	1.32567173120956	3.78422272728601	51.8245652380913	100.99727094128	13.1250517244208	2.79623253138802	26.4320322190263	22.0715835466626	7.19808666975788	8.91831832166456	4.3997356615942	68.4822725476456	78.904905011948	20.6522506593377	16.3167632118125
219790	1.24575412998551	85.1688862272051	105.538970765793	424.63381684021	65.1075944195418	89.2513327265489	0	100.783921722448	147.149562164261	324.497098864775	119.844307113086	149.1471326691	196.875775866311	130.024812709543	445.896891347053	91.5561984157857	62.7261838364615	38.9162981308999	122.459309247705	277.04192076093	39.115252057205	53.2961307337747	15.1512801252545
219793	0	9.01788207111583	0	0	18.4266776659081	93.5013961897179	61.2727329150895	4.58108735102036	37.7816443394725	112.580626136759	9.71710598214211	3.52316061423072	17.3012045458274	34.9529066423502	0	30.2462441195006	34.9621352531097	23.511930120752	17.5989426463768	11.8287561673206	18.8832251310645	24.6494604643708	165.498598291241
729238	0	1.00198689679065	0.59965324298746	0	0	0	1.49445690036804	4.58108735102036	1.32567173120956	2.8381670454645	26.9919610615059	12.9182555855126	6.56252586221038	4.19434879708203	50.5656268537895	19.6191853748112	9.25468286111727	21.0796614875708	9.53276060012076	1.86769834220852	0	0.666201634172183	6.99289851934822
653509	0	1.00198689679065	1.19930648597492	0	11.0560065995448	8.50012692633799	2.98891380073607	8.24595723183665	5.96552279044302	22.705336363716	29.1513179464263	14.0926424569229	8.35230564281321	5.59246506277604	32.1781261796842	23.7065156612302	9.25468286111727	17.0258804322687	7.33289276932366	9.33849171104259	0	1.99860490251655	10.4893477790223
6441	0	0	2.39861297194984	0	4.29955812204521	14.8752221210915	0	2.74865241061222	6.6283586560478	1.892111363643	5.39839221230117	50.4986354706402	7.75571238261227	1.39811626569401	8.04453154492105	4.08733028641901	0	2.43226863318124	1.46657855386473	2.49026445627802	2.02320269261405	6.66201634172183	1.16548308655804
9211	24.9150825997102	0	0.59965324298746	0	61.4222588863602	0	0	5.49730482122443	5.96552279044302	1.892111363643	1159.57464720229	102.171657812691	1.19318652040189	1.39811626569401	0	8.17466057283801	0	1.62151242212083	0	0	2.02320269261405	2.66480653668873	0
9118	78.4825101890873	30.0596069037194	2.9982662149373	0	31.3253520320437	0	1.49445690036804	191.489451272651	0	0.946055681821501	100.410095148802	96.2997234556395	4.77274608160755	12.5830463912461	120.667973173816	6.53972845827041	0	6.48604968848332	75.5287955240337	137.587111209361	0	0	1.16548308655804
4892	49.8301651994205	134.266244169947	3.59791945792476	0	0	0	61.2727329150895	8.24595723183665	4.63985105923346	53.9251738638256	897.212785684455	1664.10619678831	28.6364764896453	499.127506852761	211.45625775221	20.436651432095	344.479862052698	35.6732732866583	9.53276060012076	143.812772350056	0	14.656435951788	451.04195449796
441581	0	22.0437117293943	0	44.8745516219149	5.52800329977242	12.750190389507	0	1.83243494040814	0.66283586560478	15.136890909144	19.4342119642842	433.348755550378	1.19318652040189	0	0	4.08733028641901	6.16978857407818	4.86453726636249	7.33289276932366	8.09335948290357	5.39520718030414	5.32961307337747	3.49644925967411
4583	27.4065908596813	0	52.169832139909	0	44.2240263981793	0	76.2173019187699	313.346374809793	23.8620911617721	13.244779545501	3.2390353273807	2.34877374282048	5.36933934180849	23.7679765167982	1.14921879213158	287.748052163898	7.19808666975788	37.2947857087791	38.8643316774154	273.929090190583	28.3248376965967	3.33100817086092	18.6477293849286
4586	6.22877064992756	0	123.528568055417	0	64.4933718306782	0	162.895802140116	227.22193261061	48.387018189149	23.6513920455375	20.5138904067445	9.39509497128191	17.3012045458274	23.7679765167982	67.8039087357631	196.191853748112	0	0	43.2640673390096	82.8012931712443	2.69760359015207	10.6592261467549	107.224443963339
727897	753.681248641235	464.921920110861	2944.89707631142	759.51853043659	625.278595463147	582.258694454152	434.886958007099	484.679041737954	1009.49902331608	735.085264775307	914.487640763819	591.89098319076	467.72911599754	374.695159205995	721.709401458632	928.641441074398	331.111986808862	322.680972002045	423.841202066907	272.683957962444	505.800673153513	1119.88494704344	1858.94552306007
112577518	0	39.0774889748353	71.9583891584952	0	7.37067106636322	0	7.47228450184019	12.827044582857	11.931045580886	17.9750579546085	25.9122826190456	11.7438687141024	13.1250517244208	8.38869759416406	9.19375033705263	16.349321145676	8.22638476543757	9.72907453272498	9.53276060012076	3.73539668441703	10.1160134630703	11.3254277809271	22.1441786446027
390083	0	59.1172269106482	0	0	52.8231426422698	57.3758567527814	0	2.74865241061222	0	1.892111363643	5.39839221230117	14.0926424569229	96.051514892352	2.79623253138802	57.4609396065789	6.53972845827041	0	0	0	1.24513222813901	200.971467466329	351.088261208741	174.822462983705
196335	0	0	0	0	0	76.5011423370419	133.006664132755	17.4081319338774	2.65134346241912	2.8381670454645	2.15935688492047	32.8828323994867	89.4889890301416	0	94.2359409547895	4.90479634370281	4.11319238271879	0.810756211060415	4.3997356615942	11.2061900532511	414.756551985881	477.666571701455	386.940384737268
84867	9.9660330398841	0	6.59618567286206	0	35.0106875652253	17.000253852676	8.96674140220822	71.4649626759176	21.8735835649578	32.165893181931	39.9481023710287	41.1035404993583	4.17615282140661	16.7773951883281	11.4921879213158	53.1352937234471	8.22638476543757	28.3764673871145	7.33289276932366	2.49026445627802	17.5344233359884	3.33100817086092	2.33096617311607
26298	0	22.0437117293943	5.39687918688714	0	4.91378071090882	0	0	0	2.65134346241912	8.51450113639351	6.47807065476141	0	13.7216449846217	1.39811626569401	0	7.35719451555421	0	4.05378105530207	5.13302493852656	1.24513222813901	0	3.9972098050331	1.16548308655804
7356	0	1.00198689679065	0	0	1.84266776659081	0	0	1.83243494040814	0	2.8381670454645	5.39839221230117	0	0	0	3.44765637639474	0.817466057283801	7.19808666975788	0	0	9.96105782511209	1.34880179507603	0	0
9356	0	0	2.9982662149373	0	0	0	0	0	0	0	0	2.34877374282048	0	0	0	11.4445248019732	0	0	0	0	0.674400897538017	0	0
89	0	0	2.9982662149373	0	22.1120131990897	0	82.195129520242	23.8216542253059	11.931045580886	3.78422272728601	47.5058514682503	34.0572192708969	10.738678683617	29.3604415795742	0	8.17466057283801	2.05659619135939	0.810756211060415	9.53276060012076	10.5836239391816	4.72080628276612	20.6522506593377	36.1299756832991
22941	104.643346918783	0	165.504295064539	0	25.7973487322713	189.12782411102	337.747259483176	420.543818823669	19.2222401025386	0.946055681821501	10.7967844246023	152.670293283331	79.9434968669265	8.38869759416406	5709.31895930968	67.0322166972717	0	20.2689052765104	3.66644638466183	20.5446817642937	4.72080628276612	24.6494604643708	1.16548308655804
101928580	2.49150825997102	0	0	0	17.8124550770445	6.37509519475349	22.4168535055206	1.83243494040814	21.210747699353	17.029002272787	1.07967844246023	0	2.98296630100472	13.9811626569401	1.14921879213158	2.4523981718514	28.7923466790315	2.43226863318124	2.1998678307971	14.9415867376681	4.0464053852281	3.33100817086092	2.33096617311607
4317	85.9570349690003	291.578186966079	0	0	7.37067106636322	106.251586579225	7.47228450184019	1.83243494040814	17.2337325057243	4.73027840910751	3.2390353273807	0	1.78977978060283	36.3510229080442	6.89531275278947	3.2698642291352	12.3395771481564	2.43226863318124	5.86631421545893	11.2061900532511	9.44161256553224	0	61.7706035875759
399949	0	0	4.19757270091222	0	0	10.6251586579225	0	2.74865241061222	0	9.46055681821501	3.2390353273807	2.34877374282048	5.36933934180849	2.79623253138802	2.29843758426316	0	0	0	0.733289276932366	3.73539668441703	4.72080628276612	0	0
23584	84.7112808390148	8.01589517432518	7.79549215883698	0	17.1982324881809	31.8754759737675	58.2838191143534	27.4865241061222	41.7586595331012	38.7882829546816	20.5138904067445	28.1852849138457	63.2388855813	26.5642090481862	48.2671892695263	26.1589138330816	53.4715009753442	69.7250341511957	32.2647281850241	31.1283057034753	24.9528332089066	31.9776784402648	36.1299756832991
107984406	54.8131817193625	16.0317903486504	0.59965324298746	0	29.4826842654529	34.000507705352	0	1.83243494040814	21.8735835649578	11.352668181858	4.31871376984094	1.17438687141024	5.96593260200944	2.79623253138802	10.3429691291842	13.8969229738246	41.1319238271879	26.7549549649937	2.1998678307971	14.9415867376681	4.72080628276612	17.3212424884768	8.15838160590625
6337	32.3896073796233	185.36757590627	16.1906375606614	7.36746369912036	42.3813586315885	408.006092464224	167.37917284122	10.0783921722448	15.9080607745147	22.705336363716	17.2748550793638	9.39509497128191	69.2048181833095	18.1755114540221	358.556263145053	36.785972577771	10.282980956797	8.91831832166456	20.5320997541062	14.3190206235986	35.7432475695149	58.6257438071521	13.9857970386964
5544	124.575412998551	110.218558646971	422.155883063172	0	6.75644847749962	265.628966448062	384.075423394586	130.102880768978	75.563288678945	162.721577273298	653.205457688442	793.885525073321	34.6024090916547	55.9246506277604	190.770319493842	49.8654294943119	22.6225581049533	0	117.326284309179	67.2371403195066	39.115252057205	28.6466702694039	45.4538403757634
5545	174.405578197972	295.586134553241	497.712191679592	0	70.6355977193142	505.75755211711	775.623131291011	97.1190518416316	64.9579148292685	207.186194318909	1073.20037180547	1376.3814132928	45.3410877752717	48.9340692992903	228.694539634184	44.9606331506091	32.9055390617503	8.91831832166456	82.128399016425	82.8012931712443	47.8824637251992	12.6578310492715	53.6122219816697
55507	2.49150825997102	0	10.7937583737743	0	30.7111294431801	27.6254125105985	52.3059915128813	0	9.27970211846693	4.73027840910751	7.55774909722164	7.04632122846143	6.56252586221038	1.39811626569401	40.2226577246053	31.8811762340682	3.08489428703909	8.10756211060415	6.59960349239129	28.0154751331278	0	1.33240326834437	4.66193234623215
10599	0	1.00198689679065	1.79895972896238	0	0	0	29.8891380073607	55.8892656824484	0	10.4066125000365	1.07967844246023	22.3133505567945	57.8695462394916	1.39811626569401	0	4.90479634370281	0	3.24302484424166	4.3997356615942	6.84822725476456	95.0905265528604	51.9637274654303	26.8061109908348
120892	4720.16239851511	1694.35984247299	3024.65095762875	1724.65627502136	2299.03515011646	8072.99554828951	1552.74071948239	413.214079062036	1271.31919022997	1894.94953068847	615.416712202334	415.732952479224	823.298699077303	898.988758841248	465.433610813289	1943.1168181636	699.242705062194	650.226481270453	2174.20270610446	1062.09779060258	2751.55566195511	2273.07997579549	2224.90721223929
107984498	16.1948036898117	77.1529910528799	46.7729529530219	288.000853692887	58.3511459420422	197.627951037358	0	2.74865241061222	3.97701519362868	0	44.2668161408696	4.69754748564095	22.6705438876359	15.3792789226341	4.59687516852632	0.817466057283801	2.05659619135939	20.2689052765104	21.998678307971	0	6.74400897538017	5.99581470754965	0
363	3.73726238995654	2.0039737935813	0	16.0744662526262	0	0	0	4.58108735102036	7.95403038725737	0	4.31871376984094	2.34877374282048	1.19318652040189	9.78681385985807	0	18.8017193175274	1.0282980956797	2.43226863318124	4.3997356615942	8.09335948290357	6.74400897538017	9.32682287841056	10.4893477790223
3855	21.1778202097537	0	16.1906375606614	0	22.7262357879533	0	0	2.74865241061222	5.96552279044302	0	5.39839221230117	9.39509497128191	37.5853753926595	32.1566741109622	0	17.1667872029598	6.16978857407818	4.05378105530207	5.13302493852656	0	5.39520718030414	29.3128719035761	13.9857970386964
109729127	0	0	0	0	17.1982324881809	0	0	0	0.66283586560478	0	0	0	4.17615282140661	0	0	4.90479634370281	0	0	0	0	0	6.66201634172183	2.33096617311607
85349	0	0	122.928914812429	0	22.7262357879533	0	0	0	12.5938814464908	4.73027840910751	0	9.39509497128191	5.96593260200944	9.78681385985807	3.44765637639474	0	0	8.91831832166456	0	0	7.41840987291819	38.6396947819866	23.3096617311607
3856	209.286693837566	230.456986261849	21.5875167475486	4.68838599034932	176.281883003854	2543.66298270664	40.350336309937	32.9838289273466	80.2031397381784	11.352668181858	114.445914900785	627.122589333067	112.756126177978	178.958882008833	573.460177273658	157.770949055774	46.2734143055864	371.32634466567	19.0655212002415	19.2995495361547	231.993908753078	559.609372704634	314.68043337067
113218482	0	2.0039737935813	1.19930648597492	0	0	72.2510788738729	0	0	0.66283586560478	0	0	3.52316061423072	0	2.79623253138802	1.14921879213158	1.6349321145676	2.05659619135939	6.48604968848332	0.733289276932366	0	2.69760359015207	9.32682287841056	2.33096617311607
3229	0	4.00794758716259	6.59618567286206	0	0	23.3753490474295	0	52.2243958016321	0.66283586560478	3.78422272728601	35.6293886011877	155.019067026151	38.1819686528604	12.5830463912461	280.409385280105	0.817466057283801	1.0282980956797	25.9441987539333	12.4659177078502	31.1283057034753	1.34880179507603	0.666201634172183	0
2065	261.608367296958	36.0715282844633	60.5649775417335	0	13.5128969549992	65.8759836791194	74.7228450184019	120.024488596733	20.5479118337482	63.3857306820406	62.6213496626936	325.305163380636	81.1366833873284	26.5642090481862	13.7906255055789	95.6435287022047	65.8110781235006	89.1831832166456	26.3984139695652	26.1477767909192	10.1160134630703	40.6382996845032	44.2883572892054
8091	8.72027890989859	166.329824867248	44.9739932240595	388.466267771801	79.2347139634046	5697.21007237804	0	1235.06114983509	1140.07768884022	206.240138637087	1437.05200691457	5651.14962522607	36.3921888722576	341.140368829338	26.4320322190263	816.648591226517	291.008361077354	951.017035573867	577.831950222704	293.851205840807	70.8120942414918	38.6396947819866	80.4183329725045
100129940	38.6183780295509	127.252335892412	40.7764205231473	0	7.98489365522682	242.253617400633	85.1840433209781	260.205761537956	422.88928225585	206.240138637087	450.225910505918	859.651189872294	45.3410877752717	171.968300680363	14.9398442977105	437.344340646834	143.961733395158	333.22080274583	234.652568618357	191.750363133408	86.3233148848662	98.5978418574831	229.600168051933
11081	77.2367560591018	42.0834496652072	534.890692744814	0	33.7822423874981	136.002030821408	375.108681992377	3833.45389533384	7.29119452165258	40.6803943183246	457.78365960314	441.56946365025	664.604891863851	5.59246506277604	0	8.99212663012181	0	4.05378105530207	4.3997356615942	142.567640121917	2.02320269261405	0.666201634172183	0
160728	0	0	0	0	0	0	0	25.654089165714	0	0	2.15935688492047	1.17438687141024	0	6.99058132847005	0	0	0	0	0	1.86769834220852	0	0	0
4604	0	1.00198689679065	61.7642840277084	0	0	172.127570258344	407.986733800474	1.83243494040814	38.4444802050773	52.9791181820041	1049.44744607135	2674.07890620111	7.75571238261227	1054.17966433328	173.532037611868	25.3414477757978	1464.29648824789	28.3764673871145	0.733289276932366	13.6964545095291	2.02320269261405	3.33100817086092	1259.88721656924
105369937	0	0	0	0	0	0	31.3835949077288	0	2.65134346241912	3.78422272728601	48.5855299107106	90.4277890985883	0.596593260200944	51.7303018306784	10.3429691291842	0	54.4997990710239	0	0	2.49026445627802	0	0	57.1086712413438
5053	0	2.0039737935813	25.1854362054733	0	20.8835680213625	0	14.9445690036804	7.32973976163258	7.29119452165258	45.4106727274321	1117.46718794634	137.403263954998	585.854581517327	12.5830463912461	5.74609396065789	9.80959268740561	23.650856200633	217.282664564191	30.7981496311594	79.0658964868272	2313.86947945294	569.602397217217	287.874322379835
8796	0	0	17.9895972896238	20.0930828157828	0	0	14.9445690036804	0	0	0	21.5935688492047	1.17438687141024	0	12.5830463912461	0	4.90479634370281	0	0.810756211060415	0	2.49026445627802	0	0	1.16548308655804
7546	109.626363438725	85.1688862272051	64.7625502426457	0	0	82.8762375317954	19.4279397047845	353.659943498772	43.7471671299155	174.074245455156	618.655747529715	997.054453827292	37.5853753926595	2.79623253138802	5.74609396065789	8.17466057283801	19.5376638179142	231.876276363279	388.643316774154	156.886660745515	10.1160134630703	9.99302451258275	8.15838160590625
253970	0	0	0	30.8093936508669	0	0	0	0	0	1.892111363643	15.1154981944433	4.69754748564095	0	0	12.6414067134474	0	0	0.810756211060415	0	0.622566114069506	0.674400897538017	2.66480653668873	2.33096617311607
7080	0	0	0	0	4.91378071090882	0	1.49445690036804	32.0676114571425	0	0.946055681821501	26.9919610615059	36.4059930137174	0.596593260200944	0	145.950786600711	2.4523981718514	1.0282980956797	0	0	1.86769834220852	0	0	0
6751	0	0	0	0	0	0	0	4.58108735102036	0	0.946055681821501	0	90.4277890985883	1.78977978060283	0	0	5.72226240098661	0	0	0	0.622566114069506	4.72080628276612	5.99581470754965	0
767566	0	0	0	0	18.4266776659081	159.377379868837	0	58.6379180930606	13.2567173120956	0	63.7010281051539	52.8474092134607	0.596593260200944	36.3510229080442	13.7906255055789	0.817466057283801	21.5942600092736	0.810756211060415	19.7988104771739	0	0	4.66341143920528	0
767567	0	0	0	0	0	0	0	52.2243958016321	30.4904498178199	0	104.728808918643	85.7302416129474	0.596593260200944	96.4700223328867	24.1335946347632	0.817466057283801	19.5376638179142	2.43226863318124	21.2653890310386	0	1.34880179507603	0.666201634172183	2.33096617311607
724026	0	0	0	0	55.2800329977242	10.6251586579225	0	4.58108735102036	39.7701519362868	0	17.2748550793638	8.22070809987167	0	36.3510229080442	8.04453154492105	3.2698642291352	9.25468286111727	0	24.1985461387681	0	0	5.32961307337747	0
606	0	0	1.19930648597492	0	42.9955812204521	95.6264279213024	2.98891380073607	185.075928981223	4.63985105923346	14.1908352273225	37.7887454861082	0	23.2671371478368	0	19.5367194662368	4.90479634370281	8.22638476543757	0.810756211060415	2.93315710772946	1.24513222813901	50.5800673153513	205.856304959205	87.4112314918527
100033430	348.811156395943	506.003382879277	432.349988193959	40.8559350587583	404.15846347225	180.627697184682	1044.62537335726	1501.68043366447	109.367917824789	356.662992046706	247.246363323394	166.762935740254	54.2899866782859	81.0907434102526	239.037508763368	318.811762340682	24.6791542963127	44.5915916083228	68.9291920316424	60.3889130647421	261.667548244751	181.206844494834	259.902728302442
255189	0	0	0	0	0	0	0	4.58108735102036	0	0.946055681821501	38.8684239285685	11.7438687141024	2.98296630100472	0	0	2.4523981718514	0	0.810756211060415	0	2.49026445627802	51.9288691104273	0	15.1512801252545
100126311	7.47452477991307	51.101331736323	2.9982662149373	0	20.8835680213625	0	0	4.58108735102036	19.8850759681434	16.0829465909655	12.9561413095228	10.5694818426921	1.19318652040189	50.3321855649843	2.29843758426316	23.7065156612302	8.22638476543757	4.05378105530207	40.3309102312801	4.98052891255605	18.8832251310645	9.99302451258275	40.7919080295313
1381	58.5504441093191	0	109.136890223718	0	0	19.1252855842605	0	406.800556770608	0.66283586560478	0	52.9042436805515	2226.63750819381	0.596593260200944	0	37.9242201403421	1.6349321145676	0	0	2.1998678307971	0.622566114069506	0	0	0
123624	0	22.0437117293943	0	0	7.98489365522682	0	170.368086641956	1.83243494040814	1.32567173120956	98.3897909094361	57.2229574503924	106.869205298332	12.5284584642198	82.4888596759466	22.9843758426316	8.17466057283801	69.9242705062194	0.810756211060415	10.9993391539855	24.9026445627802	0	0	65.26705284725
5346	4908.27127214292	0	83.351800775257	0	100.732504573631	357.005330906196	71.7339312176658	43.9784385697955	1.32567173120956	14.1908352273225	122.003663998007	23.4877374282048	38.1819686528604	34.9529066423502	827.437530334737	18.8017193175274	0	51.8883975078666	10.9993391539855	36.7314007301008	49.9056664178133	121.91489905351	124.70669026171
103504738	42.3556404195074	0	0	231.070452381502	19.0409002547717	167.877506795175	0	6.4135222914285	19.8850759681434	31.2198375001095	12.9561413095228	18.7901899425638	2.98296630100472	9.78681385985807	40.2226577246053	11.4445248019732	9.25468286111727	37.2947857087791	8.79947132318839	16.8092850798767	6.06960807784215	23.9832588301986	16.3167632118125
57524	4.98301651994205	6.01192138074389	19.1889037755987	1.33953885438552	0.614222588863602	0	5.97782760147215	120.024488596733	1.98850759681434	8.51450113639351	88.5336322817393	230.179826796407	5.36933934180849	18.1755114540221	18.3875006741053	9.80959268740561	0	4.86453726636249	8.06618204625602	17.4318511939462	4.0464053852281	20.6522506593377	5.82741543279018
21	444.734224404828	313.621898695473	498.311844922579	822.476856592709	185.495221836808	741.63607432299	254.057673062566	1676.67797047345	194.210908622201	182.58874659155	819.475937827318	670.574903575246	288.154544677056	346.732833892114	1884.71881909579	450.423797563374	182.008762935306	226.200982885856	294.049000049879	330.582606570908	200.297066568791	373.072915136423	385.77490165071
728276	0	0	0	0	0	0	0	0	0	0	0	0	1.78977978060283	0	0	3.2698642291352	0	0	8.06618204625602	0	3.37200448769009	0	0
79838	27.4065908596813	44.0874234587885	0	0	0.614222588863602	14.8752221210915	0	11.9108271126529	6.6283586560478	4.73027840910751	30.2309963888866	28.1852849138457	50.1138338568793	0	73.550002696421	16.349321145676	2.05659619135939	0	2.1998678307971	22.4123801065022	8.76721166799422	15.9888392201324	4.66193234623215
55567	73.4994936691452	139.2761786539	50.9705256539341	69.656020428047	47.9093619313609	121.126808700316	257.046586863302	82.4595723183665	24.5249270273769	46.3567284092536	126.322377767847	190.250673168459	90.0855822903425	20.9717439854101	365.451575897842	22.8890496039464	13.3678752438361	42.970079186202	38.8643316774154	51.672987467769	57.9984771882695	125.24590722437	99.0660623574331
146177	73.4994936691452	6.01192138074389	31.1819686353479	0	3.07111294431801	102.001523116056	14.9445690036804	21.0730018146937	3.97701519362868	7.56844545457201	19.4342119642842	51.6730223420505	26.2501034488415	0	17.2382818819737	1.6349321145676	0	1.62151242212083	10.9993391539855	14.3190206235986	31.6968421842868	43.3031062211919	26.8061109908348
10595	0	0	0	79.0327924087456	1.84266776659081	0	8.96674140220822	1.83243494040814	0	5.67633409092901	9.71710598214211	14.0926424569229	12.5284584642198	1.39811626569401	6.89531275278947	3.2698642291352	8.22638476543757	2.43226863318124	8.79947132318839	16.1867189658071	3.37200448769009	14.656435951788	3.49644925967411
253982	114.609379958667	2.0039737935813	18.5892505326113	0	2.45689035545441	27.6254125105985	433.392501106731	487.427694148566	11.931045580886	7.56844545457201	83.1352400694381	45.8010879849993	5.36933934180849	25.1660927824922	131.010942303	91.5561984157857	60.6695876451021	248.902156795547	8.06618204625602	24.9026445627802	9.44161256553224	6.66201634172183	36.1299756832991
29895	24.9150825997102	0	0	0	1.84266776659081	4.250063463169	2.98891380073607	4.58108735102036	23.1992552961673	2.8381670454645	78.8165262995971	138.577650826408	5.36933934180849	218.106137448266	33.3273449718158	17.1667872029598	230.338773432252	17.0258804322687	0.733289276932366	1.86769834220852	1.34880179507603	7.32821797589401	207.45598940733
24150	0	1.00198689679065	0	0	6.14222588863602	44.6256663632745	77.7117588191379	120.024488596733	0.66283586560478	27.4356147728235	66.9400634325346	130.356942726536	35.1990023518557	16.7773951883281	3.44765637639474	0	1.0282980956797	34.8625170755978	4.3997356615942	4.98052891255605	192.204255798335	530.96270243523	337.99009510183
4496	114.609379958667	91.180807607949	4.19757270091222	69.656020428047	0	0	0	0	21.210747699353	5.67633409092901	1.07967844246023	3.52316061423072	6.56252586221038	167.773951883281	0	6.53972845827041	7.19808666975788	28.3764673871145	17.5989426463768	25.5252106768497	43.1616574424331	15.9888392201324	24.4751448177188
766	0	0	7.79549215883698	0	1.84266776659081	29.750444242183	52.3059915128813	69.6325277355095	0	2.8381670454645	5.39839221230117	2.34877374282048	7.15911912241133	0	6.89531275278947	1.6349321145676	0	0	3.66644638466183	2.49026445627802	10.1160134630703	72.615978124768	46.6193234623215
55282	41.1098862895219	8.01589517432518	65.3622034856332	0	72.478265485905	0	40.350336309937	44.8946560399995	22.5364194305625	19.8671693182515	14.0358197519831	8.22070809987167	54.2899866782859	32.1566741109622	25.2828134268947	4.90479634370281	26.7357504876721	32.4302484424166	16.132364092512	35.4862685019618	18.8832251310645	5.99581470754965	2.33096617311607
999	279.048925116755	0	20.9878635045611	0	119.159182239539	255.00380779014	138.984491734227	1.83243494040814	22.5364194305625	31.2198375001095	51.8245652380913	187.901899425638	89.4889890301416	1.39811626569401	515.999237667079	16.349321145676	2.05659619135939	1.62151242212083	27.1317032464975	113.30703276065	22.2552296187546	13.3240326834437	5.82741543279018
93517	0	0	4.79722594389968	2.67907770877104	0	0	0	0	8.61686625286215	8.51450113639351	0	4.69754748564095	19.0909843264302	4.19434879708203	2.29843758426316	5.72226240098661	0	3.24302484424166	4.3997356615942	8.09335948290357	3.37200448769009	4.66341143920528	4.66193234623215
9914	52.3216734593915	69.1370958785547	20.9878635045611	0	11.0560065995448	14.8752221210915	101.623069225027	14.6594795232652	43.7471671299155	38.7882829546816	32.390353273807	19.9645768139741	28.0398832294444	34.9529066423502	21.8351570505	44.1431670933253	33.93383715743	36.4840294977187	41.0641995082125	36.1088346160313	34.3944457744389	55.2947356362912	44.2883572892054
246	0	0	0	0	7.98489365522682	0	0	349.078856147751	0.66283586560478	7.56844545457201	16.1951766369035	8.22070809987167	0	0	5.74609396065789	9.80959268740561	0	0.810756211060415	2.1998678307971	2.49026445627802	0.674400897538017	3.33100817086092	0
284111	28.6523449896668	14.0278165550691	0	0	0	23.3753490474295	143.467862435332	625.776532149381	0	0	15.1154981944433	1.17438687141024	19.6875775866311	92.2756735358046	7952.59404155053	7.35719451555421	0	3.24302484424166	47.6638030006038	18.6769834220852	0	9.32682287841056	0
1770	128.312675388508	0	1291.65308539499	0	127.144075894766	59.5008884843659	240.607560959254	8.24595723183665	12.5938814464908	34.0580045455741	16.1951766369035	14.0926424569229	19.6875775866311	12.5830463912461	58.6101583987105	13.0794569165408	6.16978857407818	7.29680589954373	0	16.1867189658071	13.4880179507603	9.32682287841056	2.33096617311607
400578	0	0	8.39514540182444	0	3.68533553318161	17.000253852676	17.9334828044164	0	0	9.46055681821501	0	0	0.596593260200944	5.59246506277604	4.59687516852632	4.08733028641901	0	0	0.733289276932366	0	0	0	0
218	0	0	466.530223044244	0	33.1680197986345	0	1.49445690036804	2.74865241061222	0	2.8381670454645	6.47807065476141	0	7.15911912241133	0	1.14921879213158	8.99212663012181	2.05659619135939	0	0	5.60309502662555	5.39520718030414	0.666201634172183	0
6532	0	0	61.7642840277084	0	17.8124550770445	10.6251586579225	32.8780518080968	65.0514403844891	3.3141793280239	3.78422272728601	11.8764628670626	2.34877374282048	4.77274608160755	4.19434879708203	8.04453154492105	16.349321145676	0	2.43226863318124	5.86631421545893	4.35796279848654	11.4648152581463	5.32961307337747	32.633526423625
503640	68.5164771492032	40.0794758716259	38.3778075511975	0	27.6400164988621	78.6261740686264	7.47228450184019	4.58108735102036	19.8850759681434	26.489559091002	11.8764628670626	11.7438687141024	16.7046112856264	11.1849301255521	4.59687516852632	8.99212663012181	13.3678752438361	14.5936117990875	16.132364092512	17.4318511939462	4.72080628276612	18.6536457568211	16.3167632118125
6354	0	17.033777245441	0	0	17.1982324881809	0	0	0	2.65134346241912	16.0829465909655	0	7.04632122846143	17.3012045458274	18.1755114540221	0	34.3335744059196	3.08489428703909	4.05378105530207	8.79947132318839	3.73539668441703	0	3.33100817086092	66.4325359338081
6928	0	0	0	0	0	0	0	0	0	0	1.07967844246023	0	0	0	0	0	1.0282980956797	0	10.9993391539855	1.24513222813901	2.69760359015207	3.9972098050331	0
3880	0	0	0	0	0	10.6251586579225	46.3281639114091	7.32973976163258	7.29119452165258	3.78422272728601	0	2.34877374282048	0	4.19434879708203	2.29843758426316	4.08733028641901	1.0282980956797	5.6752934774229	0	0	0	4.66341143920528	0
8153	13.7032954298406	0	1.79895972896238	5.35815541754208	6.75644847749962	0	0	95.2866169012235	15.24522490891	13.244779545501	130.641091537688	157.367840768972	42.358121474267	13.9811626569401	8.04453154492105	8.17466057283801	4.11319238271879	2.43226863318124	10.9993391539855	0	17.5344233359884	26.6480653668873	13.9857970386964
4222	21.1778202097537	0	2.9982662149373	0	10.4417840106812	0	1.49445690036804	0	21.8735835649578	3.78422272728601	32.390353273807	126.833782112306	0.596593260200944	4.19434879708203	22.9843758426316	8.17466057283801	7.19808666975788	1.62151242212083	15.3990748155797	0	2.02320269261405	3.33100817086092	5.82741543279018
50964	1.24575412998551	31.0615938005101	8.9947986448119	0	0	4.250063463169	135.995577933491	239.132759723263	1.32567173120956	33.1119488637526	55.063600565472	1.17438687141024	241.023677121181	107.654952458439	753.887527638316	0	0	0	56.4632743237922	211.049912669562	7.41840987291819	9.32682287841056	0
3219	0	2.0039737935813	8.9947986448119	0	47.2951393424973	119.001776968732	88.1729571217142	52.2243958016321	0	55.8172852274686	147.915946617052	110.392365912562	4.17615282140661	1.39811626569401	9.19375033705263	0.817466057283801	1.0282980956797	33.241004653477	5.86631421545893	1.24513222813901	8.09281077045621	3.9972098050331	0
762	37.3726238995654	18.0357641422317	1.19930648597492	0	1.84266776659081	0	0	48.5595259208158	7.29119452165258	22.705336363716	6.47807065476141	17.6158030711536	0.596593260200944	4.19434879708203	0	14.7143890311084	1.0282980956797	10.5398307437854	1.46657855386473	6.22566114069506	8.09281077045621	3.9972098050331	0
2125	1.24575412998551	3.00596069037194	7.19583891584952	0	0.614222588863602	63.7509519475349	0	21.9892192848977	1.32567173120956	4.73027840910751	4.31871376984094	9.39509497128191	16.7046112856264	0	2.29843758426316	44.1431670933253	0	2.43226863318124	11.7326284309179	3.73539668441703	0	35.3086866111257	0
55808	98.4145762688555	0	34.1802348502852	0	1.2284451777272	17.000253852676	4.48337070110411	6.4135222914285	22.5364194305625	15.136890909144	0	4.69754748564095	7.15911912241133	2.79623253138802	4.59687516852632	44.9606331506091	8.22638476543757	0.810756211060415	8.06618204625602	6.22566114069506	9.44161256553224	9.99302451258275	5.82741543279018
361	0	0	0	33.488471359638	0	0	0	0	0	0	1.07967844246023	12.9182555855126	10.142085423416	0	1.14921879213158	0	1.0282980956797	0.810756211060415	0.733289276932366	0	0.674400897538017	4.66341143920528	17.4822462983705
284266	199.320660797682	75.1490172592986	1.79895972896238	371.722032091982	3.68533553318161	187.002792379436	176.345914243428	233.635454902038	267.122853838726	66.2238977275051	49.6652083531708	35.2316061423072	92.4719553311463	1733.66416946057	41.3718765167368	1745.29003230092	75.0657609846179	185.663172332835	356.37858858913	118.910127787276	575.263965599929	484.994789677349	3318.13034743073
2922	18.6863119497827	23.0456986261849	16.7902908036489	0	2.45689035545441	25.500380779014	7.47228450184019	101.700139192652	0	13.244779545501	128.481734652768	192.599446911279	227.898625396761	40.5453717051263	89.6390657862631	4.08733028641901	0	89.1831832166456	8.06618204625602	6.22566114069506	16.8600224384504	6.66201634172183	47.7848065488795
81832	0	14.0278165550691	0	0	0	0	0	1.83243494040814	5.96552279044302	1.892111363643	139.27851907737	116.264300269614	103.210634014763	204.124974791325	20.6859382583684	3.2698642291352	3.08489428703909	0	0	45.4473263270739	0	1.33240326834437	12.8203139521384
201456	0	1.00198689679065	0	0	0	0	0	8.24595723183665	11.931045580886	8.51450113639351	14.0358197519831	17.6158030711536	13.7216449846217	11.1849301255521	16.0890630898421	7.35719451555421	2.05659619135939	11.3505869548458	5.13302493852656	8.09335948290357	14.8368197458364	1.99860490251655	1.16548308655804
126353	0	0	4.79722594389968	81.7118701175167	33.1680197986345	0	16.4390259040484	8.24595723183665	0	3.78422272728601	0	0	0	4.19434879708203	18.3875006741053	5.72226240098661	0	0.810756211060415	6.59960349239129	0.622566114069506	0.674400897538017	0	0
100423031	0	7.01390827753453	0.59965324298746	0	0	6.37509519475349	0	8.24595723183665	1.98850759681434	12.2987238636795	0	1.17438687141024	15.5114247652245	74.1001620817825	1.14921879213158	1.6349321145676	15.4244714351955	2.43226863318124	2.1998678307971	3.11283057034753	0	4.66341143920528	2.33096617311607
27134	0	0	25.1854362054733	0	6.75644847749962	23.3753490474295	11.9556552029443	118.192053656325	12.5938814464908	2.8381670454645	6.47807065476141	14.0926424569229	13.1250517244208	9.78681385985807	5.74609396065789	18.8017193175274	3.08489428703909	10.5398307437854	8.79947132318839	5.60309502662555	18.2088242335265	16.6550408543046	10.4893477790223
116844	6.22877064992756	14.0278165550691	0	0	0.614222588863602	51.0007615580279	0	0	14.5823890433052	1.892111363643	3.2390353273807	1.17438687141024	1.19318652040189	16.7773951883281	5.74609396065789	35.1510404632034	3.08489428703909	13.7828555880271	8.06618204625602	4.98052891255605	8.09281077045621	7.32821797589401	30.3025602505089
2208	32.3896073796233	13.0258296582784	0	19.42331338859	27.0257939099985	0	11.9556552029443	27.4865241061222	17.2337325057243	0	0	3.52316061423072	4.77274608160755	46.1378367679023	4.59687516852632	81.7466057283801	0	8.10756211060415	12.4659177078502	4.98052891255605	4.0464053852281	67.2863650513905	1.16548308655804
94025	21.1778202097537	10.0198689679065	28.7833556633981	299.386933955164	55.2800329977242	597.133916575244	70.2394743172977	9.16217470204072	5.30268692483824	11.352668181858	0	0	19.6875775866311	1.39811626569401	0	48.2304973797443	1.0282980956797	25.1334425428729	10.2660498770531	17.4318511939462	8.09281077045621	12.6578310492715	0
54	7099.55278678743	892.770325040467	182.294585868188	6009.17130077344	210.064125391352	709.760598349222	5501.09585025474	9992.26773004561	6516.3393947606	2592.19256819091	127.402056210308	160.891001383203	3475.7523339307	31098.3000978319	1918.04616406761	51696.5534626276	2561.49055633812	6628.74278162995	18150.3761826299	3353.14109037836	14274.3693972897	15883.5793619332	96613.885943315
66002	193.091890147754	0	18.5892505326113	0	7.37067106636322	0	0	2.74865241061222	1.32567173120956	13.244779545501	0	0	26.8466967090425	0	5.74609396065789	0	12.3395771481564	3.24302484424166	0	2.49026445627802	0	3.9972098050331	5.82741543279018
284434	32.3896073796233	0	34.1802348502852	0	0	51.0007615580279	17.9334828044164	1.83243494040814	0	0	0	3.52316061423072	1.19318652040189	4.19434879708203	0	0	0	0	15.3990748155797	1.24513222813901	3.37200448769009	2.66480653668873	16.3167632118125
110806280	33.6353615096088	0	1.19930648597492	0	3.07111294431801	31.8754759737675	1.49445690036804	0.916217470204072	0	0.946055681821501	0	2.34877374282048	5.36933934180849	1.39811626569401	13.7906255055789	1.6349321145676	1.0282980956797	0	4.3997356615942	6.22566114069506	34.3944457744389	54.628534002119	51.2812558085536
10331	0	0	0	0	0	0	0	6.4135222914285	9.94253798407171	0	1.07967844246023	31.7084455280764	0	27.9623253138802	1.14921879213158	55.5876918952985	2.05659619135939	10.5398307437854	8.79947132318839	3.11283057034753	22.2552296187546	23.9832588301986	79.2528498859465
3780	3.73726238995654	16.0317903486504	26.9843959344357	0	3.68533553318161	0	17.9334828044164	101.700139192652	9.27970211846693	1.892111363643	73.418134087296	106.869205298332	7.15911912241133	6.99058132847005	0	10.6270587446894	8.22638476543757	14.5936117990875	5.86631421545893	1.24513222813901	4.72080628276612	1.99860490251655	19.8132124714866
3249	9.9660330398841	22.0437117293943	4.19757270091222	0	1.84266776659081	0	4.48337070110411	0	17.8965683713291	8.51450113639351	8.63742753968188	10.5694818426921	8.94889890301416	0	16.0890630898421	3.2698642291352	1.0282980956797	0	4.3997356615942	5.60309502662555	4.0464053852281	54.628534002119	0
5349	18.6863119497827	7.01390827753453	0.59965324298746	0	0	40.3756029001055	23.9113104058886	0	0	2.8381670454645	4.31871376984094	3.52316061423072	7.15911912241133	0	39.0734389324737	0	0	0	1.46657855386473	5.60309502662555	0	3.33100817086092	0
107985317	0	0	0	75.6839452727819	0	0	2.98891380073607	34.8162638677547	7.95403038725737	0	24.8326041765854	10.5694818426921	1.19318652040189	12.5830463912461	0	29.4287780622168	5.14149047839848	2.43226863318124	6.59960349239129	0.622566114069506	4.72080628276612	14.656435951788	32.633526423625
64073	0	0	1.79895972896238	0	9.21333883295403	10.6251586579225	0	4.58108735102036	3.97701519362868	0	9.71710598214211	5.87193435705119	1.78977978060283	6.99058132847005	1411.24067673758	7.35719451555421	10.282980956797	11.3505869548458	3.66644638466183	8.09335948290357	6.06960807784215	3.9972098050331	8.15838160590625
3960	32.3896073796233	13.0258296582784	19.7885570185862	0	0	17.000253852676	2.98891380073607	0	3.97701519362868	3.78422272728601	29.1513179464263	7.04632122846143	14.9148315050236	6.99058132847005	58.6101583987105	2.4523981718514	4.11319238271879	7.29680589954373	8.79947132318839	0.622566114069506	2.69760359015207	9.99302451258275	17.4822462983705
1556	133.29569190845	0	3.59791945792476	0	14.7413421327264	4.250063463169	124.039922730547	1.83243494040814	1.32567173120956	11.352668181858	29.1513179464263	0	32.8126293110519	1.39811626569401	0	17.9842532602436	9.25468286111727	17.8366366433291	19.0655212002415	2.49026445627802	26.3016350039827	17.3212424884768	20.9786955580447
1555	0	0	0	0	0	0	0	0	0	0	0	0	0.596593260200944	0	0	0	0	0	1.46657855386473	0.622566114069506	0.674400897538017	6.66201634172183	1.16548308655804
100505495	14.9490495598261	16.0317903486504	1.19930648597492	0	8.59911624409043	0	2.98891380073607	0	3.97701519362868	3.78422272728601	5.39839221230117	0	5.36933934180849	0	5.74609396065789	5.72226240098661	3.08489428703909	7.29680589954373	0	0	0.674400897538017	1.99860490251655	8.15838160590625
1048	140.770216688363	0	0	0	0	0	0	0	0	0	0	0	0	6.99058132847005	0	0	1.0282980956797	0	0.733289276932366	0	0	0.666201634172183	0
4680	0	1.00198689679065	0	0	0	36.1255394369365	0	4.58108735102036	0.66283586560478	0	0	1.17438687141024	0	0	31.0289073875526	2.4523981718514	2.05659619135939	1.62151242212083	0	0	0	0	0
112268252	0	0	0	0	0	36.1255394369365	0	0	0.66283586560478	0	0	0	0	0	5.74609396065789	0	1.0282980956797	0.810756211060415	0	0	0	0	0
84518	41.1098862895219	5.00993448395324	10.7937583737743	0	0	27.6254125105985	2.98891380073607	38.481133748571	0	0.946055681821501	47.5058514682503	21.1389636853843	21.477357367234	19.5736277197161	43.670314101	0.817466057283801	1.0282980956797	0	11.7326284309179	2.49026445627802	6.06960807784215	0	0
5675	118.346642348624	0	0	0	41.1529134538613	2.1250317315845	0	0.916217470204072	7.29119452165258	15.136890909144	7.55774909722164	0	7.15911912241133	2.79623253138802	0	0	0	0	3.66644638466183	52.918119695908	92.3929229627084	49.9651225629137	168.995047550915
388555	19.9320660797682	1.00198689679065	11.3934116167617	0	2.45689035545441	159.377379868837	31.3835949077288	27.4865241061222	0	0	57.2229574503924	75.1607597702553	10.142085423416	5.59246506277604	0	4.08733028641901	0	0	32.9980174619565	0	0	3.9972098050331	0
4861	158.21077450816	53.1053055299043	18.5892505326113	0	14.7413421327264	0	31.3835949077288	636.77114179183	22.5364194305625	12.2987238636795	112.286558015864	158.542227640382	34.6024090916547	12.5830463912461	124.115629550211	20.436651432095	20.5659619135939	372.13710087673	27.1317032464975	41.0893635285874	21.5808287212165	29.3128719035761	73.4254344531563
54854	0	0	0	0	0	0	0	0	0	0	0	1.17438687141024	3.57955956120566	0	0	9.80959268740561	1.0282980956797	2.43226863318124	54.2634064929951	9.33849171104259	0	0	0
9476	16.1948036898117	3.00596069037194	1.79895972896238	8.03723312631312	14.1271195438628	48.8757298264434	77.7117588191379	48.5595259208158	19.2222401025386	10.4066125000365	101.489773591262	50.4986354706402	47.7274608160755	6.99058132847005	19.5367194662368	30.2462441195006	13.3678752438361	4.86453726636249	40.3309102312801	16.8092850798767	67.4400897538017	102.595051662516	67.5980190203661
4606	21.1778202097537	51.101331736323	0	0	0	0	58.2838191143534	27.4865241061222	16.5708966401195	0.946055681821501	597.06217868051	893.708409143191	81.1366833873284	1279.27638311002	75.8484402806842	37.6034386350549	786.648043194968	16.2151242212083	2.93315710772946	16.1867189658071	0	32.643880074437	867.119416399179
9622	39.8641321595364	33.0655675940914	0	0	34.3964649763617	102.001523116056	239.113104058886	174.997536808978	9.94253798407171	34.0580045455741	6.47807065476141	5.87193435705119	320.370580727907	262.845857950474	14.9398442977105	33.5161083486358	5.14149047839848	30.8087360202958	34.4645960158212	483.733870632006	3467.09501424295	1157.19223855708	1828.64296280956
128674	0	0	1.79895972896238	0	32.5537972097709	8.50012692633799	0	0.916217470204072	0.66283586560478	3.78422272728601	39.9481023710287	31.7084455280764	0	8.38869759416406	13.7906255055789	0	4.11319238271879	0	0	1.86769834220852	153.08900374113	7.32821797589401	0
92086	0	0	4.79722594389968	0	0.614222588863602	4.250063463169	0	0	1.98850759681434	0	17.2748550793638	3.52316061423072	1.78977978060283	2.79623253138802	19.5367194662368	8.17466057283801	0	0.810756211060415	3.66644638466183	1.24513222813901	2.02320269261405	0.666201634172183	22.1441786446027
3929	1856.17365367841	200.39737935813	7.79549215883698	176.149359351696	1071.81841756699	314.504696274506	0	8.24595723183665	679.4067622449	3.78422272728601	63.7010281051539	41.1035404993583	3.57955956120566	50.3321855649843	124.115629550211	3200.37961426608	18.5093657222345	106.209063648914	0	13710.1509640387	413.407750190805	51.9637274654303	900.918425909362
391253	0	16.0317903486504	4.19757270091222	0	0	0	0	0.916217470204072	1.32567173120956	10.4066125000365	10.7967844246023	4.69754748564095	4.77274608160755	26.5642090481862	0	1.6349321145676	0	7.29680589954373	4.3997356615942	13.6964545095291	1.34880179507603	0	20.9786955580447
7125	4.98301651994205	10.0198689679065	20.3882102615736	0	9.21333883295403	0	5.97782760147215	0	15.24522490891	12.2987238636795	58.3026358928527	172.634870097305	3.57955956120566	275.42890434172	28.7304698032895	4.90479634370281	323.913900139104	0	10.2660498770531	8.09335948290357	0	11.9916294150993	235.427583484723
4318	41066.2848949724	8071.00445364867	353.795413362602	22200.8472031584	1474.13421327264	5650.45937428318	22174.7514876609	54654.2045326133	64995.0336377423	3606.36425910356	18102.9684447308	2480.30507241842	10266.773414798	450280.120761944	18019.7506606232	481930.574343207	14029.0709193581	67141.1541065461	55143.3536253139	33525.1852426429	95141.7810210733	137333.469674791	773437.885901644
109729184	4902.04250149299	918.821984357024	15.590984317674	2655.63577881929	161.540540871127	909.513581118165	2331.35276457414	6970.58251331258	7977.22964255353	334.903711364811	2096.73553525778	357.013608908712	1360.23263325815	56023.9168826247	2382.33055608876	54840.5279189411	1646.30525118319	7821.36516809982	6902.45196376436	3835.00726266816	11105.3595797585	17396.5232731382	95846.9980723598
8537	24.9150825997102	0	22.187169990536	0	73.7067106636322	48.8757298264434	53.8004484132493	0	19.2222401025386	7.56844545457201	10.7967844246023	9.39509497128191	8.94889890301416	5.59246506277604	1.14921879213158	0	42.1602219228676	10.5398307437854	0	21.1672478783632	11.4648152581463	6.66201634172183	1.16548308655804
128602	0	0	0	0	0	0	0	0	2.65134346241912	3.78422272728601	1.07967844246023	0	0	0	0	4.90479634370281	0	0	0	0	0.674400897538017	12.6578310492715	1.16548308655804
105372793	1.24575412998551	1.00198689679065	8.9947986448119	0	3.07111294431801	21.250317315845	1.49445690036804	0.916217470204072	1.98850759681434	2.8381670454645	4.31871376984094	0	1.19318652040189	1.39811626569401	2.29843758426316	1.6349321145676	0	0.810756211060415	0	1.86769834220852	2.69760359015207	3.33100817086092	2.33096617311607
7113	0	19.0377510390223	16.1906375606614	0	30.0969068543165	12.750190389507	16.4390259040484	10.0783921722448	0	8.51450113639351	1.07967844246023	0	0	2.79623253138802	0	5.72226240098661	0	1.62151242212083	10.2660498770531	6.84822725476456	0	10.6592261467549	4.66193234623215
7033	0	0	0	0	0	0	7.47228450184019	0	0.66283586560478	12.2987238636795	0	7.04632122846143	6.56252586221038	16.7773951883281	5.74609396065789	2.4523981718514	6.16978857407818	14.5936117990875	15.3990748155797	2.49026445627802	10.7904143606083	6.66201634172183	0
89765	11.2117871698696	0	22.187169990536	0	3.07111294431801	6.37509519475349	5.97782760147215	71.4649626759176	5.96552279044302	0	14.0358197519831	77.5095335130757	22.0739506274349	1.39811626569401	42.5210953088684	11.4445248019732	3.08489428703909	0	6.59960349239129	6.22566114069506	125.438566942071	187.868860836556	130.5341056945
54084	1175.99189870632	487.967618737046	20.9878635045611	0	73.7067106636322	172.127570258344	536.510027232125	2231.90575741712	148.475233895471	1.892111363643	3158.05944419619	580.147114476658	144.375568968628	5.59246506277604	503.357830953632	98.9133929313399	2.05659619135939	6.48604968848332	0.733289276932366	9.33849171104259	7.41840987291819	24.6494604643708	78.0873667993884
728226	0	1.00198689679065	2.9982662149373	0	15.35556472159	2.1250317315845	22.4168535055206	43.9784385697955	1.98850759681434	1.892111363643	5.39839221230117	2.34877374282048	8.35230564281321	8.38869759416406	0	8.99212663012181	1.0282980956797	0.810756211060415	3.66644638466183	13.6964545095291	14.1624188482984	17.9874441226489	23.3096617311607
28824	2.49150825997102	0	0	0	307.111294431801	53.1257932896124	0	0	0.66283586560478	5.67633409092901	0	4.69754748564095	14.3182382448227	2.79623253138802	1.14921879213158	0	3.08489428703909	7.29680589954373	0	6.84822725476456	0	1.33240326834437	0
84700	16.1948036898117	1059.10014990771	11.3934116167617	0	20.8835680213625	174.252601989929	147.951233136436	478.265519446526	21.8735835649578	135.285962500475	4161.08071724175	699.934575360502	240.42708386098	373.297042940301	2919.01573201421	75.2068772701097	267.357504876721	1348.28757899347	76.2620848009661	85.9141237415918	4.0464053852281	79.2779944664898	219.110820272911
6523	22.4235743397392	0	3.59791945792476	0	4.29955812204521	76.5011423370419	0	0	0	4.73027840910751	3.2390353273807	4.69754748564095	4.77274608160755	15.3792789226341	9.19375033705263	0	5.14149047839848	0	0.733289276932366	5.60309502662555	0	16.6550408543046	2.33096617311607
6473	166.931053418059	0	47.3726061960094	0	123.458740361584	565.258440601476	4.48337070110411	1.83243494040814	203.490610740668	68.1160090911481	390.843596170605	32.8828323994867	2.98296630100472	30.7585578452682	1120.48832232829	235.430224497735	5.14149047839848	72.1573027843769	441.440144713284	6.22566114069506	11.4648152581463	7.32821797589401	1.16548308655804
26609	0	0	2.39861297194984	0	648.0048312511	1179.3926110294	0	123.68935847755	12.5938814464908	95.5516238639716	47.5058514682503	83.3814678701269	79.3469036067255	19.5736277197161	42.5210953088684	12.261990859257	3.08489428703909	4835.35004276431	3.66644638466183	73.4628014602017	121.392161556843	294.461122304105	38.4609418564152
2277	1.24575412998551	19.0377510390223	21.5875167475486	0	8.59911624409043	85.0012692633799	0	2.74865241061222	8.61686625286215	5.67633409092901	17.2748550793638	4.69754748564095	19.0909843264302	5.59246506277604	9.19375033705263	8.99212663012181	8.22638476543757	0.810756211060415	5.86631421545893	19.2995495361547	12.1392161556843	29.3128719035761	19.8132124714866
4693	12.4575412998551	0	0	0	5.52800329977242	25.500380779014	52.3059915128813	7.32973976163258	7.29119452165258	9.46055681821501	87.453953839279	0	19.0909843264302	20.9717439854101	0	166.763075685895	1.0282980956797	9.72907453272498	12.4659177078502	49.182723011491	302.131602097032	399.72098050331	483.675480921585
102466759	7.47452477991307	31.0615938005101	0.59965324298746	28.1303159420959	9.21333883295403	91.3763644581334	0	2.74865241061222	22.5364194305625	27.4356147728235	2.15935688492047	17.6158030711536	25.6535101886406	1.39811626569401	0	3.2698642291352	16.4527695308751	7.29680589954373	8.79947132318839	16.1867189658071	6.06960807784215	13.3240326834437	3.49644925967411
340596	0	1.00198689679065	1.19930648597492	0	0	12.750190389507	34.3725087084649	5.49730482122443	0	2.8381670454645	52.9042436805515	136.228877083588	40.5683416936642	22.3698602511042	3.44765637639474	14.7143890311084	0	20.2689052765104	16.8656533694444	10.5836239391816	0	9.32682287841056	6.99289851934822
11254	0	0	193.088344241962	0	8.59911624409043	0	0	10.0783921722448	0	50.1409511365396	0	12.9182555855126	17.8977978060283	1.39811626569401	0	6.53972845827041	0	1.62151242212083	0	5.60309502662555	62.7192834710356	52.6299290996025	118.87927482892
158798	0	0	1.79895972896238	0	0	0	0	0	0	3.78422272728601	0	0	3.57955956120566	4.19434879708203	2.29843758426316	0	0	0.810756211060415	0	1.86769834220852	0	3.33100817086092	0
246100	0	0	0	0	84.7627172631771	0	0	0.916217470204072	3.97701519362868	319.766820455667	0	1.17438687141024	657.44577274144	4.19434879708203	180.427350364658	0.817466057283801	0	89.1831832166456	0.733289276932366	14.9415867376681	3.37200448769009	43.9693078553641	24.4751448177188
1485	0	0	0	0	91.5191657406767	0	0	0.916217470204072	6.6283586560478	354.770880683063	0	1.17438687141024	737.389269608367	4.19434879708203	198.814851038763	1.6349321145676	1.0282980956797	144.314605568754	1.46657855386473	18.0544173080157	3.37200448769009	68.6187683197349	40.7919080295313
30848	0	1.00198689679065	0	0	37.4675779206797	0	0	1.83243494040814	19.8850759681434	75.6844545457201	0	1.17438687141024	439.092639507895	1.39811626569401	32.1781261796842	0.817466057283801	3.08489428703909	402.135080685966	0.733289276932366	23.0349462205717	4.72080628276612	153.226375859602	116.548308655804
102725051	1.24575412998551	1.00198689679065	1.79895972896238	1.33953885438552	1.84266776659081	2.1250317315845	1.49445690036804	0.916217470204072	0	0.946055681821501	0	0	0.596593260200944	0	0	0	0	0	0	1.24513222813901	2.02320269261405	1.33240326834437	0
