genes;condiciones
7780,56955,6440,3880;Primary1,Primary2,Primary3,Primary4,Primary5,Primary6,Primary7,Primary8,Primary9,Primary10,Primary11,Primary12,Primary13,Primary14,Primary15,Primary16,Primary17,Primary18,Primary19,Primary20,Primary22,Primary23
7780,1556;Primary2,Primary3,Primary4,Primary5,Primary6,Primary7,Primary8,Primary9,Primary10,Primary11,Primary12,Primary13,Primary14,Primary15,Primary16,Primary17,Primary18,Primary19,Primary20,Primary21,Primary22,Primary23
7780,9622;Primary1,Primary2,Primary3,Primary4,Primary5,Primary6,Primary8,Primary9,Primary10,Primary11,Primary12,Primary13,Primary14,Primary15,Primary16,Primary17,Primary18,Primary19,Primary20,Primary21,Primary22,Primary23
149465,1510;Primary1,Primary2,Primary3,Primary4,Primary5,Primary6,Primary7,Primary8,Primary10,Primary11,Primary12,Primary13,Primary14,Primary15,Primary16,Primary17,Primary18,Primary19,Primary20,Primary21,Primary22,Primary23
149465,109729127,28824;Primary1,Primary2,Primary3,Primary4,Primary5,Primary6,Primary7,Primary8,Primary9,Primary10,Primary11,Primary12,Primary13,Primary14,Primary15,Primary16,Primary17,Primary18,Primary19,Primary20,Primary21,Primary22,Primary23
128218,1580,632;Primary1,Primary2,Primary3,Primary4,Primary5,Primary7,Primary8,Primary9,Primary10,Primary11,Primary12,Primary13,Primary14,Primary15,Primary16,Primary17,Primary18,Primary19,Primary20,Primary21,Primary22,Primary23
128218,632,1555;Primary1,Primary2,Primary3,Primary4,Primary5,Primary6,Primary7,Primary8,Primary9,Primary10,Primary11,Primary12,Primary13,Primary14,Primary15,Primary16,Primary17,Primary18,Primary19,Primary20,Primary21,Primary22,Primary23
128218,389376,632,1555,128602;Primary1,Primary2,Primary3,Primary4,Primary5,Primary6,Primary7,Primary8,Primary9,Primary10,Primary11,Primary12,Primary13,Primary14,Primary15,Primary17,Primary18,Primary19,Primary20,Primary21,Primary22,Primary23
128218,4852;Primary1,Primary2,Primary3,Primary4,Primary5,Primary6,Primary7,Primary8,Primary9,Primary10,Primary11,Primary12,Primary13,Primary14,Primary15,Primary16,Primary17,Primary18,Primary19,Primary20,Primary21,Primary22
128218,24150,632,1555;Primary1,Primary2,Primary3,Primary4,Primary5,Primary6,Primary7,Primary8,Primary9,Primary10,Primary11,Primary12,Primary13,Primary14,Primary15,Primary16,Primary17,Primary18,Primary19,Primary20,Primary21,Primary22
128218,3249;Primary1,Primary2,Primary3,Primary4,Primary5,Primary6,Primary7,Primary8,Primary9,Primary10,Primary11,Primary12,Primary13,Primary14,Primary15,Primary16,Primary17,Primary18,Primary19,Primary20,Primary21,Primary22,Primary23
128218,128602,632;Primary1,Primary2,Primary3,Primary4,Primary5,Primary6,Primary7,Primary8,Primary9,Primary10,Primary11,Primary12,Primary13,Primary14,Primary15,Primary16,Primary17,Primary18,Primary19,Primary20,Primary21,Primary22,Primary23
10103,6097;Primary1,Primary2,Primary4,Primary5,Primary6,Primary7,Primary8,Primary9,Primary10,Primary11,Primary12,Primary13,Primary14,Primary15,Primary16,Primary17,Primary18,Primary19,Primary20,Primary21,Primary22,Primary23
1580,79098,112268422,4057,201625,11148,113218482,112268252,6523;Primary1,Primary2,Primary3,Primary4,Primary5,Primary6,Primary7,Primary8,Primary9,Primary10,Primary11,Primary12,Primary13,Primary14,Primary15,Primary16,Primary17,Primary18,Primary19,Primary20,Primary21,Primary23
1580,406969,112268422,4057,112268252;Primary1,Primary2,Primary3,Primary4,Primary5,Primary6,Primary7,Primary8,Primary9,Primary10,Primary11,Primary12,Primary13,Primary14,Primary15,Primary16,Primary17,Primary18,Primary19,Primary20,Primary21,Primary23
1580,3856,79098,112268422,4057,11148,113218482,112268252,6523;Primary1,Primary2,Primary3,Primary4,Primary5,Primary6,Primary7,Primary8,Primary9,Primary10,Primary11,Primary12,Primary13,Primary14,Primary15,Primary16,Primary17,Primary18,Primary19,Primary20,Primary21,Primary23
1580,4680;Primary1,Primary2,Primary3,Primary4,Primary5,Primary6,Primary7,Primary8,Primary9,Primary10,Primary11,Primary12,Primary13,Primary14,Primary15,Primary16,Primary17,Primary18,Primary19,Primary20,Primary21,Primary23
1580,105372793,112268422,4057,201625,11148,113218482,112268252,6523;Primary1,Primary2,Primary3,Primary4,Primary5,Primary6,Primary7,Primary8,Primary9,Primary10,Primary11,Primary12,Primary13,Primary14,Primary15,Primary16,Primary17,Primary18,Primary19,Primary20,Primary21,Primary23
163720,56955,6440,3880;Primary1,Primary2,Primary3,Primary4,Primary5,Primary6,Primary7,Primary8,Primary9,Primary10,Primary11,Primary12,Primary13,Primary14,Primary15,Primary16,Primary17,Primary18,Primary19,Primary21,Primary22,Primary23
163720,3929;Primary1,Primary2,Primary3,Primary4,Primary5,Primary6,Primary8,Primary9,Primary10,Primary11,Primary12,Primary13,Primary14,Primary15,Primary16,Primary17,Primary18,Primary19,Primary20,Primary21,Primary22,Primary23
1579,63924,9370,100874095,563,5346,1048;Primary1,Primary2,Primary3,Primary4,Primary5,Primary6,Primary7,Primary8,Primary9,Primary10,Primary11,Primary12,Primary13,Primary14,Primary15,Primary16,Primary17,Primary18,Primary19,Primary20,Primary21,Primary22,Primary23
1579,730,63924,9370,100874095,563,5346,66002,1048;Primary1,Primary2,Primary3,Primary4,Primary6,Primary7,Primary8,Primary9,Primary10,Primary11,Primary12,Primary13,Primary14,Primary15,Primary16,Primary17,Primary18,Primary19,Primary20,Primary21,Primary22,Primary23
1579,79908,9370,100874095,5346,66002,1048;Primary1,Primary3,Primary4,Primary5,Primary6,Primary7,Primary8,Primary9,Primary10,Primary11,Primary12,Primary13,Primary14,Primary15,Primary16,Primary17,Primary18,Primary19,Primary20,Primary21,Primary22,Primary23
1579,107984125;Primary1,Primary2,Primary3,Primary4,Primary5,Primary6,Primary7,Primary8,Primary9,Primary10,Primary11,Primary12,Primary13,Primary14,Primary15,Primary17,Primary18,Primary19,Primary20,Primary21,Primary22,Primary23
1579,55808,9370,100874095,5346,66002,1048;Primary1,Primary2,Primary3,Primary4,Primary5,Primary6,Primary7,Primary8,Primary9,Primary10,Primary11,Primary12,Primary13,Primary14,Primary15,Primary17,Primary18,Primary19,Primary20,Primary21,Primary22,Primary23
1579,66002,63924,9370,100874095,5346,1048;Primary1,Primary2,Primary3,Primary4,Primary5,Primary6,Primary7,Primary8,Primary9,Primary10,Primary11,Primary12,Primary13,Primary14,Primary15,Primary16,Primary17,Primary18,Primary19,Primary20,Primary21,Primary22,Primary23
1579,1556,9370,100874095,5346,66002,1048;Primary1,Primary2,Primary3,Primary4,Primary5,Primary6,Primary8,Primary9,Primary10,Primary11,Primary12,Primary13,Primary14,Primary15,Primary16,Primary17,Primary18,Primary19,Primary20,Primary21,Primary22,Primary23
440590,57402,55289,84525,353189,10595;Primary1,Primary2,Primary3,Primary4,Primary5,Primary6,Primary7,Primary8,Primary9,Primary10,Primary11,Primary12,Primary14,Primary15,Primary16,Primary17,Primary18,Primary19,Primary20,Primary21,Primary22,Primary23
440590,55289;Primary1,Primary2,Primary3,Primary4,Primary5,Primary6,Primary7,Primary8,Primary9,Primary10,Primary11,Primary12,Primary13,Primary14,Primary15,Primary16,Primary17,Primary18,Primary19,Primary20,Primary21,Primary22,Primary23
440590,10595,55289,84525,353189;Primary1,Primary2,Primary4,Primary5,Primary6,Primary7,Primary8,Primary9,Primary10,Primary11,Primary12,Primary13,Primary14,Primary15,Primary16,Primary17,Primary18,Primary19,Primary20,Primary21,Primary22,Primary23
440590,361,55289;Primary1,Primary2,Primary3,Primary4,Primary5,Primary6,Primary7,Primary8,Primary9,Primary10,Primary11,Primary12,Primary13,Primary14,Primary15,Primary16,Primary17,Primary18,Primary19,Primary20,Primary21,Primary22
388633,10071,9228,114569,22943,22941,284111,64073;Primary1,Primary2,Primary3,Primary4,Primary5,Primary6,Primary7,Primary8,Primary9,Primary10,Primary11,Primary12,Primary13,Primary14,Primary15,Primary16,Primary18,Primary19,Primary20,Primary21,Primary22,Primary23
388633,58524,114569,22943,22941,7080,284111,64073;Primary1,Primary2,Primary3,Primary4,Primary5,Primary6,Primary7,Primary8,Primary9,Primary10,Primary11,Primary12,Primary13,Primary14,Primary15,Primary16,Primary18,Primary19,Primary20,Primary21,Primary22,Primary23
388633,3229,114569,22943,22941,7080,284111,64073;Primary1,Primary2,Primary3,Primary4,Primary5,Primary6,Primary7,Primary8,Primary9,Primary10,Primary11,Primary12,Primary13,Primary14,Primary15,Primary16,Primary18,Primary19,Primary20,Primary21,Primary22,Primary23
388633,7080,10071,114569,22943,22941,284111,50964,64073;Primary1,Primary2,Primary3,Primary4,Primary5,Primary6,Primary7,Primary8,Primary9,Primary10,Primary11,Primary12,Primary13,Primary14,Primary15,Primary16,Primary18,Primary19,Primary20,Primary21,Primary22,Primary23
100996301,27022;Primary1,Primary2,Primary3,Primary4,Primary5,Primary6,Primary7,Primary8,Primary9,Primary10,Primary11,Primary12,Primary13,Primary14,Primary15,Primary16,Primary17,Primary18,Primary19,Primary20,Primary21,Primary22,Primary23
100996301,255928,27022;Primary1,Primary2,Primary3,Primary5,Primary6,Primary7,Primary8,Primary9,Primary10,Primary11,Primary12,Primary13,Primary14,Primary15,Primary16,Primary17,Primary18,Primary19,Primary20,Primary21,Primary22,Primary23
100996301,4062,27022;Primary1,Primary2,Primary3,Primary5,Primary6,Primary7,Primary8,Primary9,Primary10,Primary11,Primary12,Primary13,Primary14,Primary15,Primary16,Primary17,Primary18,Primary19,Primary20,Primary21,Primary22,Primary23
57530,56896,100419743,11081,160728,246;Primary1,Primary3,Primary4,Primary5,Primary6,Primary7,Primary8,Primary9,Primary10,Primary11,Primary12,Primary13,Primary14,Primary15,Primary16,Primary17,Primary18,Primary19,Primary20,Primary21,Primary22,Primary23
57530,11081;Primary1,Primary2,Primary3,Primary4,Primary5,Primary6,Primary7,Primary8,Primary9,Primary10,Primary11,Primary12,Primary13,Primary14,Primary15,Primary16,Primary17,Primary18,Primary19,Primary20,Primary21,Primary22,Primary23
6097,105374373;Primary1,Primary2,Primary3,Primary4,Primary5,Primary6,Primary7,Primary8,Primary9,Primary10,Primary11,Primary12,Primary13,Primary14,Primary15,Primary16,Primary17,Primary18,Primary19,Primary20,Primary21,Primary23
6097,4852;Primary1,Primary2,Primary3,Primary4,Primary5,Primary6,Primary7,Primary8,Primary9,Primary10,Primary11,Primary12,Primary13,Primary14,Primary15,Primary17,Primary18,Primary19,Primary20,Primary21,Primary22,Primary23
6097,54769,284266,54,10331,4318,109729184;Primary1,Primary2,Primary3,Primary4,Primary5,Primary6,Primary7,Primary8,Primary9,Primary10,Primary11,Primary12,Primary13,Primary14,Primary15,Primary16,Primary17,Primary18,Primary19,Primary20,Primary21,Primary23
6097,6354,284266,54,4318,109729184;Primary1,Primary2,Primary3,Primary4,Primary5,Primary6,Primary7,Primary8,Primary9,Primary10,Primary11,Primary12,Primary13,Primary14,Primary15,Primary16,Primary17,Primary18,Primary19,Primary20,Primary21,Primary23
6097,128602;Primary1,Primary2,Primary3,Primary4,Primary5,Primary6,Primary7,Primary8,Primary9,Primary10,Primary11,Primary12,Primary13,Primary14,Primary15,Primary16,Primary17,Primary18,Primary19,Primary20,Primary21,Primary22
57402,115019,55289,256076,84525,353189,10595;Primary1,Primary2,Primary3,Primary4,Primary5,Primary6,Primary7,Primary8,Primary9,Primary10,Primary11,Primary12,Primary13,Primary14,Primary15,Primary16,Primary17,Primary18,Primary19,Primary20,Primary21,Primary22,Primary23
57402,2160,115019,55289,84525,353189,10595;Primary1,Primary2,Primary3,Primary4,Primary5,Primary6,Primary7,Primary8,Primary9,Primary10,Primary12,Primary13,Primary14,Primary15,Primary16,Primary17,Primary18,Primary19,Primary20,Primary21,Primary22,Primary23
57402,107984498,115019,55289,256076,353189,103504738,10595,94025;Primary1,Primary2,Primary3,Primary4,Primary5,Primary7,Primary8,Primary9,Primary10,Primary11,Primary12,Primary13,Primary14,Primary15,Primary16,Primary17,Primary18,Primary19,Primary20,Primary21,Primary22,Primary23
57402,253970,115019,55289,84525,353189,10595;Primary1,Primary2,Primary3,Primary4,Primary5,Primary6,Primary7,Primary8,Primary9,Primary10,Primary12,Primary13,Primary14,Primary15,Primary16,Primary17,Primary18,Primary19,Primary20,Primary21,Primary22,Primary23
57402,103504738,115019,55289,256076,84525,353189,10595,94025;Primary1,Primary2,Primary3,Primary4,Primary5,Primary7,Primary8,Primary9,Primary10,Primary11,Primary12,Primary13,Primary14,Primary15,Primary16,Primary17,Primary18,Primary19,Primary20,Primary21,Primary22,Primary23
57402,126353,115019;Primary1,Primary2,Primary3,Primary4,Primary5,Primary6,Primary7,Primary8,Primary9,Primary10,Primary11,Primary12,Primary13,Primary14,Primary15,Primary16,Primary17,Primary18,Primary19,Primary20,Primary21,Primary22,Primary23
57402,28824;Primary1,Primary2,Primary3,Primary5,Primary6,Primary7,Primary8,Primary9,Primary10,Primary11,Primary12,Primary13,Primary14,Primary15,Primary16,Primary17,Primary18,Primary19,Primary20,Primary21,Primary22,Primary23
57111,448831,105,6441,441581,6751,1381,4222;Primary1,Primary2,Primary3,Primary5,Primary6,Primary7,Primary8,Primary9,Primary10,Primary11,Primary12,Primary13,Primary14,Primary15,Primary16,Primary17,Primary18,Primary19,Primary20,Primary21,Primary22,Primary23
57111,100419743,105,6441,441581,6751,1381,57524,4222;Primary1,Primary2,Primary3,Primary4,Primary5,Primary6,Primary7,Primary9,Primary10,Primary11,Primary12,Primary13,Primary14,Primary15,Primary16,Primary17,Primary18,Primary19,Primary20,Primary21,Primary22,Primary23
57111,105,6441,441581,6751,1381,4222;Primary1,Primary2,Primary3,Primary4,Primary5,Primary6,Primary7,Primary8,Primary9,Primary10,Primary11,Primary12,Primary13,Primary14,Primary15,Primary16,Primary17,Primary18,Primary19,Primary20,Primary21,Primary22,Primary23
57111,8091,105,6441,441581,6751,1381,4222;Primary1,Primary2,Primary3,Primary4,Primary5,Primary7,Primary8,Primary9,Primary10,Primary11,Primary12,Primary13,Primary14,Primary15,Primary16,Primary17,Primary18,Primary19,Primary20,Primary21,Primary22,Primary23
57111,340596,105,6441,441581,6751,1381,4222;Primary1,Primary2,Primary3,Primary4,Primary5,Primary6,Primary7,Primary8,Primary9,Primary10,Primary11,Primary12,Primary14,Primary15,Primary16,Primary17,Primary18,Primary19,Primary20,Primary21,Primary22,Primary23
632,1380,390083,24150;Primary1,Primary2,Primary3,Primary4,Primary5,Primary6,Primary7,Primary9,Primary10,Primary11,Primary12,Primary13,Primary14,Primary15,Primary16,Primary17,Primary18,Primary19,Primary20,Primary21,Primary22,Primary23
632,100133669;Primary1,Primary2,Primary3,Primary4,Primary5,Primary6,Primary8,Primary9,Primary10,Primary11,Primary12,Primary13,Primary14,Primary15,Primary16,Primary17,Primary18,Primary19,Primary20,Primary21,Primary22,Primary23
632,390083,24150;Primary1,Primary2,Primary3,Primary4,Primary5,Primary6,Primary7,Primary8,Primary9,Primary10,Primary11,Primary12,Primary13,Primary14,Primary15,Primary16,Primary17,Primary18,Primary19,Primary20,Primary21,Primary22,Primary23
632,196335,390083,9622;Primary1,Primary2,Primary3,Primary4,Primary5,Primary6,Primary7,Primary8,Primary9,Primary10,Primary11,Primary12,Primary13,Primary14,Primary15,Primary16,Primary17,Primary18,Primary19,Primary20,Primary21,Primary23
632,606,390083,24150;Primary1,Primary2,Primary3,Primary4,Primary5,Primary6,Primary7,Primary9,Primary10,Primary11,Primary12,Primary13,Primary14,Primary15,Primary16,Primary17,Primary18,Primary19,Primary20,Primary21,Primary22,Primary23
632,6928;Primary1,Primary2,Primary3,Primary4,Primary5,Primary6,Primary7,Primary8,Primary9,Primary10,Primary11,Primary12,Primary13,Primary14,Primary15,Primary16,Primary17,Primary18,Primary20,Primary21,Primary22,Primary23
632,4693,390083,196335;Primary1,Primary2,Primary3,Primary4,Primary5,Primary6,Primary7,Primary8,Primary9,Primary10,Primary11,Primary12,Primary13,Primary14,Primary15,Primary16,Primary17,Primary18,Primary19,Primary20,Primary21,Primary22
284680,54769;Primary1,Primary2,Primary3,Primary4,Primary5,Primary6,Primary7,Primary8,Primary10,Primary11,Primary12,Primary13,Primary14,Primary15,Primary16,Primary17,Primary18,Primary19,Primary20,Primary21,Primary22,Primary23
2327,6332;Primary1,Primary2,Primary3,Primary4,Primary5,Primary6,Primary7,Primary8,Primary9,Primary11,Primary12,Primary13,Primary14,Primary15,Primary16,Primary17,Primary18,Primary19,Primary20,Primary21,Primary22,Primary23
2327,9370,100874095,5346,66002,1048;Primary1,Primary2,Primary3,Primary4,Primary5,Primary7,Primary8,Primary9,Primary10,Primary11,Primary12,Primary13,Primary14,Primary15,Primary16,Primary17,Primary18,Primary19,Primary20,Primary21,Primary22,Primary23
2327,730;Primary1,Primary2,Primary3,Primary4,Primary5,Primary7,Primary8,Primary9,Primary10,Primary11,Primary12,Primary13,Primary14,Primary15,Primary16,Primary17,Primary18,Primary19,Primary20,Primary21,Primary22,Primary23
2327,503640;Primary1,Primary2,Primary4,Primary5,Primary6,Primary7,Primary8,Primary9,Primary10,Primary11,Primary12,Primary13,Primary14,Primary15,Primary16,Primary17,Primary18,Primary19,Primary20,Primary21,Primary22,Primary23
1999,3880;Primary2,Primary3,Primary4,Primary5,Primary6,Primary7,Primary8,Primary9,Primary10,Primary11,Primary12,Primary13,Primary14,Primary15,Primary16,Primary17,Primary18,Primary19,Primary20,Primary21,Primary22,Primary23
1999,1556;Primary1,Primary2,Primary3,Primary4,Primary5,Primary6,Primary7,Primary8,Primary9,Primary10,Primary11,Primary12,Primary13,Primary14,Primary15,Primary16,Primary17,Primary18,Primary19,Primary20,Primary21,Primary22,Primary23
115019,107984498,103504738;Primary1,Primary2,Primary3,Primary4,Primary5,Primary6,Primary7,Primary8,Primary9,Primary10,Primary11,Primary12,Primary13,Primary14,Primary15,Primary16,Primary17,Primary18,Primary19,Primary20,Primary21,Primary22,Primary23
1510,27074;Primary1,Primary2,Primary3,Primary4,Primary5,Primary6,Primary7,Primary8,Primary9,Primary10,Primary11,Primary12,Primary13,Primary14,Primary15,Primary17,Primary18,Primary19,Primary20,Primary21,Primary22,Primary23
5284,54848;Primary1,Primary2,Primary3,Primary4,Primary5,Primary6,Primary7,Primary8,Primary9,Primary10,Primary11,Primary12,Primary13,Primary14,Primary15,Primary16,Primary17,Primary18,Primary20,Primary21,Primary22,Primary23
5284,6101,54854;Primary1,Primary2,Primary3,Primary4,Primary5,Primary6,Primary7,Primary8,Primary9,Primary10,Primary11,Primary12,Primary13,Primary14,Primary15,Primary16,Primary17,Primary18,Primary20,Primary21,Primary22,Primary23
5284,728276;Primary1,Primary2,Primary3,Primary4,Primary5,Primary6,Primary7,Primary8,Primary9,Primary10,Primary11,Primary12,Primary13,Primary14,Primary15,Primary16,Primary17,Primary18,Primary19,Primary21,Primary22,Primary23
79098,406969,112268422,4057,11148,113218482,112268252;Primary1,Primary2,Primary3,Primary4,Primary5,Primary6,Primary7,Primary9,Primary10,Primary11,Primary12,Primary13,Primary14,Primary15,Primary16,Primary17,Primary18,Primary19,Primary20,Primary21,Primary22,Primary23
79098,388743,11148,3856,112268252;Primary2,Primary3,Primary4,Primary5,Primary6,Primary7,Primary8,Primary9,Primary10,Primary11,Primary12,Primary13,Primary14,Primary15,Primary16,Primary17,Primary18,Primary19,Primary20,Primary21,Primary22,Primary23
79098,112268422,4057,201625,11148,113218482,112268252;Primary1,Primary2,Primary3,Primary4,Primary5,Primary6,Primary7,Primary8,Primary9,Primary10,Primary11,Primary12,Primary13,Primary14,Primary15,Primary16,Primary17,Primary18,Primary19,Primary20,Primary21,Primary22,Primary23
79098,6332,112268422,4057,201625,11148,113218482,112268252,6523;Primary2,Primary3,Primary4,Primary5,Primary6,Primary7,Primary8,Primary9,Primary10,Primary11,Primary12,Primary13,Primary14,Primary15,Primary16,Primary17,Primary18,Primary19,Primary20,Primary21,Primary22,Primary23
79098,131873,4057,11148,306,3856,113218482,112268252,6523;Primary1,Primary2,Primary3,Primary4,Primary5,Primary6,Primary7,Primary8,Primary9,Primary10,Primary11,Primary12,Primary13,Primary14,Primary15,Primary16,Primary17,Primary18,Primary19,Primary20,Primary21,Primary22,Primary23
79098,306,112268422,4057,11148,113218482,112268252;Primary1,Primary2,Primary3,Primary4,Primary5,Primary6,Primary7,Primary8,Primary9,Primary10,Primary11,Primary12,Primary13,Primary14,Primary15,Primary16,Primary17,Primary18,Primary19,Primary20,Primary21,Primary22,Primary23
79098,65217,11148;Primary1,Primary2,Primary3,Primary4,Primary5,Primary6,Primary7,Primary8,Primary9,Primary10,Primary11,Primary12,Primary13,Primary14,Primary15,Primary16,Primary17,Primary18,Primary19,Primary20,Primary21,Primary22,Primary23
79098,8091,112268422,4057,11148,131873,306,3856,113218482,112268252;Primary1,Primary2,Primary3,Primary4,Primary5,Primary6,Primary7,Primary8,Primary9,Primary10,Primary11,Primary13,Primary14,Primary15,Primary16,Primary17,Primary18,Primary19,Primary20,Primary21,Primary22,Primary23
79098,103504738,4057,11148,131873,306,3856,113218482,94025,112268252,6523;Primary1,Primary2,Primary3,Primary5,Primary6,Primary7,Primary8,Primary9,Primary10,Primary11,Primary12,Primary13,Primary14,Primary15,Primary16,Primary17,Primary18,Primary19,Primary20,Primary21,Primary22,Primary23
79098,94025,112268422,4057,201625,11148,113218482,112268252;Primary1,Primary2,Primary3,Primary5,Primary6,Primary7,Primary8,Primary9,Primary10,Primary11,Primary12,Primary13,Primary14,Primary15,Primary16,Primary17,Primary18,Primary19,Primary20,Primary21,Primary22,Primary23
79098,4680,388743,4057,11148,3856,113218482,112268252,6523;Primary1,Primary2,Primary3,Primary4,Primary5,Primary6,Primary7,Primary8,Primary9,Primary10,Primary11,Primary12,Primary13,Primary14,Primary16,Primary17,Primary18,Primary19,Primary20,Primary21,Primary22,Primary23
79098,105372793,112268422,4057,201625,11148,113218482,112268252;Primary1,Primary2,Primary4,Primary5,Primary6,Primary7,Primary8,Primary9,Primary10,Primary11,Primary12,Primary13,Primary14,Primary15,Primary16,Primary17,Primary18,Primary19,Primary20,Primary21,Primary22,Primary23
79098,28824,112268422,4057,201625,11148,113218482,112268252;Primary1,Primary2,Primary3,Primary4,Primary6,Primary7,Primary8,Primary9,Primary10,Primary11,Primary12,Primary13,Primary14,Primary15,Primary16,Primary17,Primary18,Primary19,Primary20,Primary21,Primary22,Primary23
79098,2277,112268422,4057,11148,306,3856,113218482,112268252;Primary1,Primary2,Primary3,Primary4,Primary5,Primary6,Primary7,Primary8,Primary9,Primary10,Primary11,Primary12,Primary13,Primary14,Primary15,Primary16,Primary17,Primary18,Primary19,Primary20,Primary21,Primary23
1380,196335,390083,24150,89765;Primary1,Primary2,Primary3,Primary4,Primary5,Primary6,Primary7,Primary9,Primary10,Primary11,Primary12,Primary13,Primary14,Primary15,Primary16,Primary17,Primary18,Primary19,Primary20,Primary21,Primary22,Primary23
1380,10599;Primary1,Primary2,Primary3,Primary4,Primary5,Primary6,Primary7,Primary8,Primary9,Primary10,Primary11,Primary12,Primary14,Primary15,Primary16,Primary17,Primary18,Primary19,Primary20,Primary21,Primary22,Primary23
1380,606,766;Primary1,Primary2,Primary3,Primary4,Primary5,Primary6,Primary7,Primary8,Primary9,Primary10,Primary11,Primary12,Primary13,Primary14,Primary15,Primary16,Primary17,Primary18,Primary19,Primary20,Primary22,Primary23
1380,89765;Primary1,Primary2,Primary3,Primary4,Primary5,Primary6,Primary7,Primary8,Primary9,Primary10,Primary11,Primary12,Primary13,Primary14,Primary15,Primary16,Primary17,Primary18,Primary19,Primary20,Primary21,Primary22,Primary23
255928,886,9211;Primary1,Primary2,Primary3,Primary4,Primary5,Primary6,Primary7,Primary8,Primary9,Primary10,Primary11,Primary13,Primary14,Primary15,Primary16,Primary17,Primary18,Primary19,Primary20,Primary21,Primary22,Primary23
255928,7546,8153;Primary1,Primary2,Primary3,Primary4,Primary5,Primary6,Primary7,Primary8,Primary9,Primary10,Primary11,Primary12,Primary13,Primary14,Primary15,Primary16,Primary17,Primary18,Primary20,Primary21,Primary22,Primary23
255928,7080,8153;Primary1,Primary2,Primary3,Primary4,Primary5,Primary6,Primary7,Primary8,Primary9,Primary10,Primary11,Primary12,Primary13,Primary14,Primary16,Primary17,Primary18,Primary19,Primary20,Primary21,Primary22,Primary23
255928,767567,8153;Primary1,Primary2,Primary3,Primary4,Primary5,Primary6,Primary7,Primary8,Primary9,Primary10,Primary11,Primary12,Primary13,Primary15,Primary16,Primary17,Primary18,Primary19,Primary20,Primary21,Primary22,Primary23
255928,57524;Primary1,Primary2,Primary3,Primary4,Primary5,Primary6,Primary7,Primary8,Primary9,Primary10,Primary12,Primary13,Primary14,Primary15,Primary16,Primary17,Primary18,Primary19,Primary20,Primary21,Primary22,Primary23
255928,8153;Primary1,Primary2,Primary3,Primary4,Primary5,Primary6,Primary7,Primary8,Primary9,Primary10,Primary11,Primary12,Primary13,Primary14,Primary15,Primary16,Primary17,Primary18,Primary19,Primary20,Primary21,Primary22,Primary23
406969,388743,112268252;Primary2,Primary3,Primary4,Primary5,Primary6,Primary7,Primary8,Primary9,Primary10,Primary11,Primary12,Primary13,Primary14,Primary15,Primary16,Primary17,Primary18,Primary19,Primary20,Primary21,Primary22,Primary23
406969,112268422,4057,112268252;Primary1,Primary2,Primary3,Primary4,Primary5,Primary6,Primary7,Primary8,Primary9,Primary10,Primary11,Primary12,Primary13,Primary14,Primary15,Primary16,Primary17,Primary18,Primary19,Primary20,Primary21,Primary22,Primary23
406969,306,112268422,4057,11148,113218482,4680,112268252;Primary1,Primary2,Primary3,Primary4,Primary5,Primary6,Primary7,Primary8,Primary9,Primary10,Primary11,Primary12,Primary13,Primary14,Primary16,Primary17,Primary18,Primary19,Primary20,Primary21,Primary22,Primary23
406969,3856,79098,4057,11148,113218482,112268252;Primary1,Primary2,Primary3,Primary4,Primary5,Primary6,Primary7,Primary9,Primary10,Primary11,Primary12,Primary13,Primary14,Primary15,Primary16,Primary17,Primary18,Primary19,Primary20,Primary21,Primary22,Primary23
406969,105372793,112268422,4057,11148,113218482,112268252;Primary1,Primary2,Primary3,Primary4,Primary5,Primary6,Primary7,Primary9,Primary10,Primary11,Primary12,Primary13,Primary14,Primary15,Primary16,Primary17,Primary18,Primary19,Primary20,Primary21,Primary22,Primary23
388743,6332;Primary1,Primary2,Primary3,Primary4,Primary5,Primary6,Primary7,Primary8,Primary9,Primary10,Primary11,Primary12,Primary13,Primary14,Primary16,Primary17,Primary18,Primary19,Primary20,Primary21,Primary22,Primary23
388743,33,4057,11148,4680,112268252;Primary1,Primary2,Primary3,Primary4,Primary5,Primary6,Primary7,Primary8,Primary9,Primary10,Primary11,Primary12,Primary13,Primary14,Primary16,Primary17,Primary18,Primary19,Primary20,Primary21,Primary22,Primary23
388743,1767;Primary1,Primary2,Primary3,Primary4,Primary5,Primary6,Primary7,Primary8,Primary9,Primary10,Primary11,Primary12,Primary13,Primary14,Primary15,Primary16,Primary17,Primary19,Primary20,Primary21,Primary22,Primary23
388743,6337,5349;Primary1,Primary3,Primary4,Primary5,Primary6,Primary7,Primary8,Primary9,Primary10,Primary11,Primary12,Primary13,Primary14,Primary15,Primary16,Primary17,Primary18,Primary19,Primary20,Primary21,Primary22,Primary23
388743,120892;Primary1,Primary2,Primary3,Primary4,Primary5,Primary6,Primary7,Primary8,Primary9,Primary10,Primary11,Primary12,Primary13,Primary14,Primary16,Primary17,Primary18,Primary19,Primary20,Primary21,Primary22,Primary23
388743,3856,112268252,6523;Primary1,Primary2,Primary3,Primary4,Primary5,Primary6,Primary8,Primary9,Primary10,Primary11,Primary12,Primary13,Primary14,Primary15,Primary16,Primary17,Primary18,Primary19,Primary20,Primary21,Primary22,Primary23
388743,103504738,112268252;Primary1,Primary2,Primary3,Primary5,Primary6,Primary7,Primary8,Primary9,Primary10,Primary11,Primary12,Primary13,Primary14,Primary15,Primary16,Primary17,Primary18,Primary19,Primary20,Primary21,Primary22,Primary23
388743,5349;Primary1,Primary2,Primary3,Primary4,Primary5,Primary6,Primary7,Primary8,Primary9,Primary10,Primary11,Primary12,Primary13,Primary14,Primary15,Primary16,Primary17,Primary18,Primary19,Primary20,Primary21,Primary22,Primary23
388743,4680;Primary1,Primary2,Primary3,Primary4,Primary5,Primary6,Primary7,Primary8,Primary9,Primary10,Primary11,Primary12,Primary13,Primary14,Primary15,Primary16,Primary17,Primary18,Primary19,Primary20,Primary21,Primary22,Primary23
388743,112268252;Primary1,Primary2,Primary3,Primary4,Primary5,Primary6,Primary7,Primary8,Primary9,Primary10,Primary11,Primary12,Primary13,Primary14,Primary15,Primary16,Primary17,Primary18,Primary19,Primary20,Primary21,Primary22,Primary23
56896,6496,100419743,11081,160728,246,27134;Primary1,Primary2,Primary4,Primary5,Primary6,Primary7,Primary8,Primary9,Primary10,Primary11,Primary12,Primary13,Primary14,Primary15,Primary16,Primary17,Primary18,Primary19,Primary20,Primary21,Primary22,Primary23
56896,10568,100419743,105,441581,6751,1381,57524,4222,340596;Primary1,Primary2,Primary3,Primary4,Primary5,Primary6,Primary7,Primary9,Primary10,Primary11,Primary12,Primary13,Primary14,Primary15,Primary16,Primary17,Primary18,Primary19,Primary20,Primary21,Primary22,Primary23
56896,448831,100419743,105,6441,441581,6751,1381,57524;Primary1,Primary2,Primary3,Primary4,Primary5,Primary6,Primary7,Primary9,Primary10,Primary11,Primary12,Primary13,Primary14,Primary15,Primary16,Primary17,Primary18,Primary19,Primary20,Primary21,Primary22,Primary23
56896,100419743,11081,160728,246,27134;Primary1,Primary2,Primary3,Primary4,Primary5,Primary6,Primary7,Primary8,Primary9,Primary10,Primary11,Primary12,Primary13,Primary14,Primary15,Primary16,Primary17,Primary18,Primary19,Primary20,Primary21,Primary22,Primary23
56896,5225,100419743,11081,160728,1381,246,27134;Primary1,Primary2,Primary3,Primary4,Primary5,Primary6,Primary7,Primary8,Primary9,Primary10,Primary11,Primary13,Primary14,Primary15,Primary16,Primary17,Primary18,Primary19,Primary20,Primary21,Primary22,Primary23
56896,114569,100419743,11081,160728,246,27134;Primary1,Primary2,Primary3,Primary4,Primary5,Primary6,Primary7,Primary8,Primary9,Primary10,Primary11,Primary12,Primary13,Primary14,Primary16,Primary17,Primary18,Primary19,Primary20,Primary21,Primary22,Primary23
56896,100302161,100419743,11081,246;Primary1,Primary2,Primary3,Primary5,Primary6,Primary7,Primary8,Primary9,Primary10,Primary11,Primary12,Primary13,Primary14,Primary15,Primary16,Primary17,Primary18,Primary19,Primary20,Primary21,Primary22,Primary23
56896,1515,399726;Primary1,Primary2,Primary3,Primary4,Primary5,Primary6,Primary7,Primary8,Primary9,Primary10,Primary11,Primary12,Primary13,Primary14,Primary15,Primary16,Primary17,Primary18,Primary19,Primary20,Primary21,Primary22,Primary23
56896,3780,100419743;Primary1,Primary2,Primary3,Primary4,Primary5,Primary6,Primary7,Primary8,Primary9,Primary10,Primary12,Primary13,Primary14,Primary15,Primary16,Primary17,Primary18,Primary19,Primary20,Primary21,Primary22,Primary23
56896,4861,100419743,11081,160728,246,27134;Primary1,Primary2,Primary3,Primary4,Primary5,Primary6,Primary7,Primary8,Primary9,Primary10,Primary11,Primary12,Primary13,Primary14,Primary15,Primary16,Primary17,Primary19,Primary20,Primary21,Primary22,Primary23
6496,117156,646480,1770,218;Primary1,Primary2,Primary3,Primary4,Primary5,Primary6,Primary7,Primary9,Primary10,Primary11,Primary12,Primary13,Primary14,Primary15,Primary16,Primary17,Primary18,Primary19,Primary20,Primary21,Primary22,Primary23
6496,5225,100419743,11081,160728,246,27134;Primary1,Primary2,Primary4,Primary5,Primary6,Primary7,Primary8,Primary9,Primary10,Primary11,Primary12,Primary13,Primary14,Primary15,Primary16,Primary17,Primary18,Primary19,Primary20,Primary21,Primary22,Primary23
6496,100302161,100419743,11081,246;Primary1,Primary2,Primary4,Primary5,Primary6,Primary7,Primary8,Primary9,Primary10,Primary11,Primary12,Primary13,Primary14,Primary15,Primary16,Primary17,Primary18,Primary19,Primary20,Primary21,Primary22,Primary23
6496,85349,646480,1770,218;Primary1,Primary2,Primary3,Primary4,Primary5,Primary6,Primary7,Primary9,Primary10,Primary11,Primary12,Primary13,Primary14,Primary15,Primary16,Primary17,Primary18,Primary19,Primary20,Primary21,Primary22,Primary23
6496,6532;Primary1,Primary2,Primary3,Primary4,Primary5,Primary6,Primary7,Primary8,Primary9,Primary10,Primary11,Primary12,Primary13,Primary14,Primary15,Primary16,Primary17,Primary18,Primary19,Primary20,Primary21,Primary22
6496,4861;Primary1,Primary2,Primary4,Primary5,Primary6,Primary7,Primary8,Primary9,Primary10,Primary11,Primary12,Primary13,Primary14,Primary15,Primary16,Primary17,Primary18,Primary19,Primary20,Primary21,Primary22,Primary23
200407,54769,284266,54,10331,4318,109729184;Primary1,Primary2,Primary3,Primary4,Primary5,Primary6,Primary7,Primary8,Primary9,Primary10,Primary11,Primary12,Primary13,Primary14,Primary15,Primary16,Primary17,Primary18,Primary19,Primary20,Primary21,Primary22,Primary23
200407,4693;Primary1,Primary2,Primary3,Primary4,Primary5,Primary6,Primary7,Primary8,Primary9,Primary10,Primary11,Primary12,Primary13,Primary14,Primary15,Primary16,Primary17,Primary18,Primary19,Primary20,Primary21,Primary23
55289,126353,57402,115019,256076,84525,353189,10595;Primary1,Primary2,Primary3,Primary4,Primary6,Primary7,Primary8,Primary9,Primary10,Primary11,Primary12,Primary13,Primary14,Primary15,Primary16,Primary17,Primary18,Primary19,Primary20,Primary21,Primary22,Primary23
112268422,33,4057,11148,306,112268252;Primary1,Primary2,Primary3,Primary4,Primary5,Primary6,Primary7,Primary8,Primary9,Primary10,Primary11,Primary12,Primary13,Primary14,Primary15,Primary16,Primary17,Primary18,Primary19,Primary20,Primary21,Primary22,Primary23
112268422,131873,79098,4057,11148,306,3856,113218482,112268252,105372793,6523;Primary1,Primary2,Primary4,Primary5,Primary6,Primary7,Primary8,Primary9,Primary10,Primary11,Primary12,Primary13,Primary14,Primary15,Primary16,Primary17,Primary18,Primary19,Primary20,Primary21,Primary22,Primary23
112268422,646480,218;Primary1,Primary2,Primary3,Primary4,Primary5,Primary7,Primary8,Primary9,Primary10,Primary11,Primary12,Primary13,Primary14,Primary15,Primary16,Primary17,Primary18,Primary19,Primary20,Primary21,Primary22,Primary23
112268422,65217,79098,11148;Primary1,Primary2,Primary4,Primary5,Primary6,Primary7,Primary8,Primary9,Primary10,Primary11,Primary12,Primary13,Primary14,Primary15,Primary16,Primary17,Primary18,Primary19,Primary20,Primary21,Primary22,Primary23
112268422,120892,11148,113218482,105372793,2277;Primary2,Primary3,Primary4,Primary5,Primary6,Primary7,Primary8,Primary9,Primary10,Primary11,Primary12,Primary13,Primary14,Primary15,Primary16,Primary17,Primary18,Primary19,Primary20,Primary21,Primary22,Primary23
112268422,767566,306;Primary1,Primary2,Primary4,Primary5,Primary6,Primary7,Primary8,Primary9,Primary10,Primary11,Primary12,Primary13,Primary14,Primary15,Primary16,Primary17,Primary18,Primary19,Primary20,Primary21,Primary22,Primary23
112268422,284434;Primary2,Primary3,Primary4,Primary5,Primary6,Primary7,Primary8,Primary9,Primary10,Primary11,Primary12,Primary13,Primary14,Primary15,Primary16,Primary17,Primary18,Primary19,Primary20,Primary21,Primary22,Primary23
112268422,4680,79098,4057,201625,11148,113218482,112268252;Primary1,Primary2,Primary3,Primary4,Primary5,Primary6,Primary7,Primary8,Primary9,Primary10,Primary11,Primary12,Primary13,Primary14,Primary16,Primary17,Primary18,Primary19,Primary20,Primary21,Primary22,Primary23
112268422,388555,33,4057,11148,131873,306,113218482,112268252;Primary1,Primary2,Primary3,Primary4,Primary5,Primary6,Primary7,Primary8,Primary9,Primary10,Primary11,Primary13,Primary14,Primary15,Primary16,Primary17,Primary18,Primary19,Primary20,Primary21,Primary22,Primary23
112268422,105372793,4057,11148,113218482,112268252,2277;Primary1,Primary2,Primary3,Primary4,Primary5,Primary6,Primary7,Primary8,Primary9,Primary10,Primary11,Primary12,Primary13,Primary14,Primary15,Primary16,Primary17,Primary18,Primary19,Primary20,Primary21,Primary22,Primary23
200373,196335;Primary1,Primary2,Primary3,Primary4,Primary5,Primary6,Primary7,Primary8,Primary9,Primary10,Primary11,Primary12,Primary13,Primary14,Primary15,Primary16,Primary17,Primary18,Primary19,Primary20,Primary21,Primary22
200373,5053,128674;Primary1,Primary2,Primary3,Primary4,Primary5,Primary6,Primary7,Primary8,Primary9,Primary10,Primary11,Primary12,Primary13,Primary14,Primary15,Primary16,Primary17,Primary18,Primary19,Primary20,Primary21,Primary23
200373,9622;Primary1,Primary2,Primary3,Primary4,Primary5,Primary6,Primary7,Primary8,Primary9,Primary10,Primary11,Primary12,Primary13,Primary14,Primary15,Primary16,Primary17,Primary18,Primary19,Primary20,Primary21,Primary22
3694,246100,1485;Primary1,Primary2,Primary3,Primary4,Primary5,Primary6,Primary7,Primary8,Primary9,Primary11,Primary12,Primary13,Primary14,Primary15,Primary16,Primary17,Primary18,Primary19,Primary20,Primary21,Primary22,Primary23
6332,33,112268422,4057,11148,113218482,112268252;Primary2,Primary3,Primary4,Primary5,Primary6,Primary7,Primary8,Primary9,Primary10,Primary11,Primary12,Primary13,Primary14,Primary15,Primary16,Primary17,Primary18,Primary19,Primary20,Primary21,Primary22,Primary23
6332,65217,79098,11148;Primary2,Primary3,Primary4,Primary5,Primary6,Primary7,Primary8,Primary9,Primary10,Primary11,Primary12,Primary13,Primary14,Primary15,Primary16,Primary17,Primary18,Primary19,Primary20,Primary21,Primary22,Primary23
6332,4317;Primary1,Primary3,Primary4,Primary5,Primary6,Primary7,Primary8,Primary9,Primary10,Primary11,Primary12,Primary13,Primary14,Primary15,Primary16,Primary17,Primary18,Primary19,Primary20,Primary21,Primary22,Primary23
6332,120892;Primary1,Primary2,Primary3,Primary4,Primary5,Primary6,Primary7,Primary8,Primary9,Primary10,Primary11,Primary13,Primary14,Primary15,Primary16,Primary17,Primary18,Primary19,Primary20,Primary21,Primary22,Primary23
6332,3856,79098,4057,11148,113218482,112268252,6523;Primary2,Primary3,Primary4,Primary5,Primary6,Primary7,Primary8,Primary9,Primary10,Primary11,Primary12,Primary13,Primary14,Primary15,Primary16,Primary17,Primary18,Primary19,Primary20,Primary21,Primary22,Primary23
6332,146177;Primary1,Primary2,Primary3,Primary4,Primary5,Primary6,Primary7,Primary8,Primary9,Primary10,Primary11,Primary12,Primary13,Primary14,Primary15,Primary16,Primary17,Primary18,Primary19,Primary20,Primary21,Primary23
6332,66002,1048;Primary1,Primary2,Primary3,Primary4,Primary5,Primary7,Primary8,Primary9,Primary10,Primary11,Primary12,Primary13,Primary14,Primary15,Primary16,Primary17,Primary18,Primary19,Primary20,Primary21,Primary22,Primary23
6332,284434;Primary1,Primary2,Primary4,Primary5,Primary6,Primary7,Primary8,Primary9,Primary10,Primary11,Primary12,Primary13,Primary14,Primary15,Primary16,Primary17,Primary18,Primary19,Primary20,Primary21,Primary22,Primary23
1746,10568,105,3229,6751,1381,57524;Primary1,Primary2,Primary3,Primary4,Primary5,Primary6,Primary7,Primary8,Primary9,Primary10,Primary11,Primary12,Primary13,Primary14,Primary16,Primary17,Primary18,Primary19,Primary20,Primary21,Primary22,Primary23
1746,448831,105,6441,441581,3229,6751,1381;Primary1,Primary2,Primary3,Primary4,Primary5,Primary6,Primary7,Primary8,Primary9,Primary10,Primary11,Primary12,Primary13,Primary14,Primary16,Primary17,Primary18,Primary19,Primary20,Primary21,Primary22,Primary23
1746,10071,114569,22943,22941,3229,7080,284111,50964,64073;Primary1,Primary2,Primary3,Primary4,Primary5,Primary6,Primary7,Primary8,Primary9,Primary10,Primary11,Primary13,Primary14,Primary15,Primary16,Primary17,Primary18,Primary19,Primary20,Primary21,Primary22,Primary23
1746,1515;Primary1,Primary2,Primary3,Primary4,Primary5,Primary6,Primary7,Primary9,Primary10,Primary11,Primary12,Primary13,Primary14,Primary15,Primary16,Primary17,Primary18,Primary19,Primary20,Primary21,Primary22,Primary23
1746,3229;Primary1,Primary2,Primary3,Primary4,Primary5,Primary6,Primary7,Primary8,Primary9,Primary10,Primary11,Primary12,Primary13,Primary14,Primary15,Primary16,Primary17,Primary18,Primary19,Primary20,Primary21,Primary22,Primary23
1746,4222,10568,105,6751,1381;Primary1,Primary2,Primary3,Primary4,Primary5,Primary6,Primary7,Primary8,Primary9,Primary10,Primary11,Primary12,Primary13,Primary14,Primary16,Primary17,Primary18,Primary19,Primary20,Primary21,Primary22,Primary23
1746,340596,105,6441,441581,3229,6751,1381;Primary1,Primary2,Primary3,Primary4,Primary5,Primary6,Primary7,Primary8,Primary9,Primary10,Primary11,Primary12,Primary13,Primary14,Primary16,Primary17,Primary18,Primary19,Primary20,Primary21,Primary22,Primary23
33,131873,4057,11148,306,112268252;Primary1,Primary2,Primary3,Primary4,Primary5,Primary6,Primary7,Primary8,Primary9,Primary10,Primary11,Primary12,Primary13,Primary14,Primary15,Primary16,Primary17,Primary18,Primary19,Primary20,Primary21,Primary22,Primary23
33,65217,11148;Primary1,Primary2,Primary3,Primary4,Primary5,Primary6,Primary7,Primary8,Primary9,Primary10,Primary11,Primary12,Primary13,Primary14,Primary15,Primary16,Primary17,Primary18,Primary19,Primary20,Primary21,Primary22,Primary23
33,113218482,112268422,4057,11148,306,112268252;Primary1,Primary2,Primary3,Primary4,Primary5,Primary6,Primary7,Primary8,Primary9,Primary10,Primary12,Primary13,Primary14,Primary15,Primary16,Primary17,Primary18,Primary19,Primary20,Primary21,Primary22,Primary23
33,767566,306,388555;Primary1,Primary2,Primary3,Primary4,Primary5,Primary6,Primary8,Primary9,Primary10,Primary11,Primary12,Primary13,Primary14,Primary15,Primary16,Primary17,Primary18,Primary19,Primary20,Primary21,Primary22,Primary23
33,94025,112268422,4057,11148,306,112268252;Primary1,Primary2,Primary3,Primary5,Primary6,Primary7,Primary8,Primary9,Primary10,Primary11,Primary12,Primary13,Primary14,Primary15,Primary16,Primary17,Primary18,Primary19,Primary20,Primary21,Primary22,Primary23
33,5349,388743;Primary1,Primary2,Primary3,Primary4,Primary5,Primary6,Primary7,Primary8,Primary9,Primary10,Primary11,Primary12,Primary13,Primary14,Primary16,Primary17,Primary18,Primary19,Primary20,Primary21,Primary22,Primary23
33,388555,131873,306;Primary1,Primary2,Primary3,Primary4,Primary5,Primary6,Primary7,Primary8,Primary9,Primary10,Primary11,Primary12,Primary13,Primary14,Primary15,Primary16,Primary17,Primary18,Primary19,Primary20,Primary21,Primary22,Primary23
33,105372793,112268422,4057,11148,131873,306,113218482,112268252;Primary1,Primary2,Primary4,Primary5,Primary6,Primary7,Primary8,Primary9,Primary10,Primary11,Primary12,Primary13,Primary14,Primary15,Primary16,Primary17,Primary18,Primary19,Primary20,Primary21,Primary22,Primary23
33,6523,4057,11148,131873,306,113218482,112268252;Primary1,Primary2,Primary3,Primary4,Primary5,Primary6,Primary8,Primary9,Primary10,Primary11,Primary12,Primary13,Primary14,Primary15,Primary16,Primary17,Primary18,Primary19,Primary20,Primary21,Primary22,Primary23
100130449,10071;Primary1,Primary2,Primary3,Primary4,Primary5,Primary6,Primary7,Primary8,Primary9,Primary10,Primary11,Primary12,Primary13,Primary14,Primary16,Primary17,Primary18,Primary19,Primary20,Primary21,Primary22,Primary23
63924,730;Primary1,Primary2,Primary3,Primary4,Primary5,Primary6,Primary7,Primary8,Primary9,Primary10,Primary11,Primary12,Primary13,Primary14,Primary15,Primary16,Primary17,Primary18,Primary19,Primary20,Primary21,Primary22,Primary23
63924,55808,1579,5346,66002,1048;Primary1,Primary2,Primary3,Primary4,Primary5,Primary6,Primary7,Primary8,Primary9,Primary10,Primary11,Primary12,Primary13,Primary14,Primary16,Primary17,Primary18,Primary19,Primary20,Primary21,Primary22,Primary23
4057,65217,79098,112268422,201625,11148,113218482,112268252;Primary1,Primary2,Primary3,Primary4,Primary5,Primary6,Primary7,Primary8,Primary9,Primary10,Primary11,Primary13,Primary14,Primary15,Primary16,Primary17,Primary18,Primary19,Primary20,Primary21,Primary22,Primary23
4057,107984498,306,113218482,94025,112268252;Primary1,Primary2,Primary3,Primary5,Primary6,Primary7,Primary8,Primary9,Primary10,Primary11,Primary12,Primary13,Primary14,Primary15,Primary16,Primary17,Primary18,Primary19,Primary20,Primary21,Primary22,Primary23
4057,767566,131873,306,113218482,112268252;Primary1,Primary2,Primary3,Primary4,Primary5,Primary6,Primary7,Primary8,Primary9,Primary10,Primary12,Primary13,Primary14,Primary15,Primary16,Primary17,Primary18,Primary19,Primary20,Primary21,Primary22,Primary23
4057,94025,11148,306,113218482,112268252;Primary1,Primary2,Primary3,Primary4,Primary5,Primary6,Primary7,Primary8,Primary9,Primary10,Primary11,Primary12,Primary13,Primary14,Primary15,Primary16,Primary17,Primary18,Primary19,Primary20,Primary21,Primary22,Primary23
4057,102466759,306;Primary1,Primary2,Primary3,Primary4,Primary5,Primary6,Primary7,Primary8,Primary9,Primary10,Primary11,Primary12,Primary13,Primary14,Primary15,Primary16,Primary17,Primary18,Primary19,Primary20,Primary21,Primary22,Primary23
201625,131873,79098,4057,11148,113218482,112268252,6523;Primary1,Primary2,Primary3,Primary4,Primary5,Primary6,Primary8,Primary9,Primary10,Primary11,Primary12,Primary13,Primary14,Primary15,Primary16,Primary17,Primary18,Primary19,Primary20,Primary21,Primary22,Primary23
201625,10551,400578;Primary1,Primary2,Primary3,Primary4,Primary5,Primary7,Primary8,Primary9,Primary10,Primary11,Primary12,Primary13,Primary14,Primary15,Primary16,Primary17,Primary18,Primary19,Primary20,Primary21,Primary22,Primary23
201625,400578;Primary1,Primary2,Primary3,Primary4,Primary5,Primary6,Primary8,Primary9,Primary10,Primary11,Primary12,Primary13,Primary14,Primary15,Primary16,Primary17,Primary18,Primary19,Primary20,Primary21,Primary22,Primary23
11148,6337,112268252;Primary1,Primary2,Primary3,Primary4,Primary5,Primary6,Primary7,Primary8,Primary9,Primary10,Primary11,Primary12,Primary13,Primary14,Primary16,Primary17,Primary18,Primary19,Primary20,Primary21,Primary22,Primary23
11148,102466759,4057,306;Primary1,Primary2,Primary3,Primary4,Primary5,Primary6,Primary8,Primary9,Primary10,Primary11,Primary12,Primary13,Primary14,Primary15,Primary16,Primary17,Primary18,Primary19,Primary20,Primary21,Primary22,Primary23
256076,126353,57402,115019;Primary2,Primary3,Primary4,Primary5,Primary6,Primary7,Primary8,Primary9,Primary10,Primary11,Primary12,Primary13,Primary14,Primary15,Primary16,Primary17,Primary18,Primary19,Primary20,Primary21,Primary22,Primary23
131873,65217,79098,4057,11148,3856,113218482,112268252;Primary1,Primary2,Primary3,Primary4,Primary5,Primary6,Primary8,Primary9,Primary10,Primary11,Primary12,Primary13,Primary14,Primary15,Primary16,Primary17,Primary18,Primary19,Primary20,Primary21,Primary22,Primary23
131873,767566,306,113218482,112268252;Primary1,Primary2,Primary3,Primary4,Primary5,Primary6,Primary7,Primary9,Primary10,Primary11,Primary12,Primary13,Primary14,Primary15,Primary16,Primary17,Primary18,Primary19,Primary20,Primary21,Primary22,Primary23
131873,4680,79098,4057,11148,306,3856,113218482,112268252,6523;Primary1,Primary2,Primary3,Primary4,Primary5,Primary6,Primary7,Primary8,Primary9,Primary10,Primary11,Primary12,Primary13,Primary14,Primary16,Primary17,Primary18,Primary19,Primary20,Primary21,Primary22,Primary23
131873,28824,79098,4057,11148,306,3856,113218482,112268252,6523;Primary1,Primary2,Primary3,Primary4,Primary6,Primary7,Primary8,Primary9,Primary10,Primary11,Primary12,Primary13,Primary14,Primary15,Primary16,Primary17,Primary18,Primary19,Primary20,Primary21,Primary22,Primary23
131873,102466759,4057,11148,306,113218482,112268252;Primary1,Primary3,Primary4,Primary5,Primary6,Primary7,Primary8,Primary9,Primary10,Primary11,Primary12,Primary13,Primary14,Primary15,Primary16,Primary17,Primary18,Primary19,Primary20,Primary21,Primary22,Primary23
401089,100506380;Primary1,Primary2,Primary3,Primary4,Primary5,Primary6,Primary7,Primary8,Primary9,Primary10,Primary11,Primary12,Primary13,Primary14,Primary16,Primary17,Primary18,Primary19,Primary20,Primary21,Primary22,Primary23
79740,441151;Primary1,Primary2,Primary3,Primary4,Primary5,Primary6,Primary8,Primary9,Primary10,Primary11,Primary12,Primary13,Primary14,Primary15,Primary16,Primary17,Primary18,Primary19,Primary20,Primary21,Primary22,Primary23
79740,100033430;Primary1,Primary2,Primary3,Primary4,Primary5,Primary6,Primary7,Primary8,Primary9,Primary10,Primary12,Primary13,Primary14,Primary15,Primary16,Primary17,Primary18,Primary19,Primary20,Primary21,Primary22,Primary23
79740,253982;Primary1,Primary2,Primary3,Primary4,Primary5,Primary6,Primary7,Primary8,Primary9,Primary10,Primary12,Primary13,Primary14,Primary15,Primary16,Primary17,Primary18,Primary19,Primary20,Primary21,Primary22,Primary23
9370,57110,100874095,563,5346,1048;Primary1,Primary2,Primary3,Primary4,Primary5,Primary6,Primary7,Primary8,Primary9,Primary10,Primary11,Primary13,Primary14,Primary15,Primary16,Primary17,Primary18,Primary19,Primary20,Primary21,Primary22,Primary23
100874095,57110,5346,1048;Primary1,Primary2,Primary3,Primary4,Primary5,Primary6,Primary7,Primary8,Primary9,Primary10,Primary11,Primary12,Primary13,Primary14,Primary15,Primary16,Primary17,Primary18,Primary19,Primary20,Primary21,Primary22,Primary23
57110,730,9370,100874095,5346,1048;Primary1,Primary2,Primary3,Primary4,Primary6,Primary7,Primary8,Primary9,Primary10,Primary11,Primary12,Primary13,Primary14,Primary15,Primary16,Primary17,Primary18,Primary19,Primary20,Primary21,Primary22,Primary23
57110,66002,9370,100874095,5346,1048;Primary1,Primary2,Primary3,Primary4,Primary5,Primary6,Primary7,Primary8,Primary9,Primary10,Primary11,Primary13,Primary14,Primary15,Primary16,Primary17,Primary18,Primary19,Primary20,Primary21,Primary22,Primary23
57110,3780;Primary2,Primary3,Primary4,Primary5,Primary6,Primary7,Primary8,Primary9,Primary10,Primary11,Primary12,Primary13,Primary14,Primary15,Primary16,Primary17,Primary18,Primary19,Primary20,Primary21,Primary22,Primary23
4585,93035;Primary2,Primary3,Primary4,Primary5,Primary6,Primary7,Primary8,Primary9,Primary10,Primary11,Primary12,Primary13,Primary14,Primary15,Primary16,Primary17,Primary18,Primary19,Primary20,Primary21,Primary22,Primary23
4585,28824;Primary1,Primary2,Primary3,Primary4,Primary5,Primary6,Primary8,Primary9,Primary10,Primary11,Primary12,Primary13,Primary14,Primary15,Primary16,Primary17,Primary18,Primary19,Primary20,Primary21,Primary22,Primary23
339983,5225,246,4861;Primary1,Primary2,Primary3,Primary4,Primary5,Primary6,Primary7,Primary8,Primary9,Primary10,Primary11,Primary12,Primary13,Primary14,Primary15,Primary16,Primary17,Primary19,Primary20,Primary21,Primary22,Primary23
339983,253982,4861;Primary1,Primary2,Primary3,Primary4,Primary5,Primary6,Primary8,Primary9,Primary10,Primary11,Primary12,Primary13,Primary14,Primary15,Primary16,Primary17,Primary18,Primary19,Primary20,Primary21,Primary22,Primary23
339983,4861;Primary1,Primary2,Primary3,Primary4,Primary5,Primary6,Primary7,Primary8,Primary9,Primary10,Primary11,Primary12,Primary13,Primary14,Primary15,Primary16,Primary17,Primary18,Primary19,Primary20,Primary21,Primary22,Primary23
105374373,54769,284266,4318,109729184;Primary1,Primary2,Primary3,Primary4,Primary5,Primary6,Primary7,Primary8,Primary9,Primary10,Primary11,Primary12,Primary13,Primary14,Primary15,Primary16,Primary17,Primary18,Primary19,Primary20,Primary21,Primary22
10568,222183,7546,57524;Primary1,Primary2,Primary3,Primary4,Primary5,Primary6,Primary7,Primary8,Primary9,Primary10,Primary11,Primary12,Primary13,Primary14,Primary15,Primary16,Primary17,Primary19,Primary20,Primary21,Primary22,Primary23
10568,105,6751,1381,57524;Primary1,Primary2,Primary3,Primary4,Primary5,Primary6,Primary7,Primary8,Primary9,Primary10,Primary11,Primary12,Primary13,Primary14,Primary15,Primary16,Primary17,Primary18,Primary19,Primary20,Primary21,Primary22,Primary23
10568,441581,105,6751,1381,4222,340596;Primary1,Primary2,Primary3,Primary4,Primary5,Primary6,Primary7,Primary8,Primary9,Primary10,Primary11,Primary12,Primary13,Primary14,Primary15,Primary16,Primary17,Primary18,Primary20,Primary21,Primary22,Primary23
10568,2065,105,6751,1381,57524;Primary2,Primary3,Primary4,Primary5,Primary6,Primary7,Primary8,Primary9,Primary10,Primary11,Primary12,Primary13,Primary14,Primary15,Primary16,Primary17,Primary18,Primary19,Primary20,Primary21,Primary22,Primary23
10568,8091,105,6751,1381,57524;Primary1,Primary2,Primary3,Primary4,Primary5,Primary7,Primary8,Primary9,Primary10,Primary11,Primary12,Primary13,Primary14,Primary15,Primary16,Primary17,Primary18,Primary19,Primary20,Primary21,Primary22,Primary23
10568,100129940;Primary1,Primary2,Primary3,Primary4,Primary5,Primary6,Primary7,Primary8,Primary10,Primary11,Primary12,Primary13,Primary14,Primary15,Primary16,Primary17,Primary18,Primary19,Primary20,Primary21,Primary22,Primary23
10568,7546,57524;Primary1,Primary2,Primary3,Primary4,Primary5,Primary6,Primary7,Primary8,Primary9,Primary10,Primary11,Primary12,Primary13,Primary14,Primary15,Primary16,Primary17,Primary18,Primary19,Primary20,Primary21,Primary22,Primary23
10568,4222,105,6751,1381;Primary1,Primary2,Primary3,Primary4,Primary5,Primary6,Primary7,Primary8,Primary9,Primary10,Primary11,Primary12,Primary13,Primary14,Primary15,Primary16,Primary17,Primary18,Primary19,Primary20,Primary21,Primary22,Primary23
886,441151,9211;Primary1,Primary2,Primary3,Primary4,Primary5,Primary6,Primary7,Primary9,Primary10,Primary11,Primary12,Primary13,Primary14,Primary15,Primary16,Primary17,Primary18,Primary19,Primary20,Primary21,Primary22,Primary23
886,9211;Primary1,Primary2,Primary3,Primary4,Primary5,Primary6,Primary7,Primary8,Primary9,Primary10,Primary11,Primary12,Primary13,Primary14,Primary15,Primary16,Primary17,Primary18,Primary19,Primary20,Primary21,Primary22,Primary23
886,255189,9211;Primary1,Primary2,Primary3,Primary4,Primary5,Primary6,Primary7,Primary8,Primary9,Primary10,Primary11,Primary12,Primary13,Primary14,Primary15,Primary16,Primary17,Primary18,Primary19,Primary20,Primary22,Primary23
886,54084,9211;Primary1,Primary2,Primary3,Primary4,Primary5,Primary6,Primary7,Primary9,Primary10,Primary11,Primary12,Primary13,Primary14,Primary15,Primary16,Primary17,Primary18,Primary19,Primary20,Primary21,Primary22,Primary23
886,84700,9211;Primary1,Primary2,Primary3,Primary4,Primary5,Primary6,Primary7,Primary8,Primary9,Primary10,Primary11,Primary12,Primary13,Primary14,Primary16,Primary17,Primary18,Primary19,Primary20,Primary21,Primary22,Primary23
84525,361,55289,353189,10595;Primary1,Primary2,Primary3,Primary4,Primary5,Primary6,Primary7,Primary8,Primary9,Primary10,Primary11,Primary12,Primary13,Primary14,Primary15,Primary16,Primary17,Primary18,Primary19,Primary20,Primary21,Primary22
84525,107985317;Primary1,Primary2,Primary3,Primary4,Primary5,Primary6,Primary7,Primary8,Primary9,Primary10,Primary11,Primary12,Primary13,Primary14,Primary15,Primary16,Primary17,Primary18,Primary19,Primary20,Primary21,Primary22
8999,3929;Primary1,Primary2,Primary3,Primary4,Primary5,Primary6,Primary7,Primary8,Primary9,Primary11,Primary12,Primary13,Primary14,Primary15,Primary16,Primary17,Primary18,Primary19,Primary20,Primary21,Primary22,Primary23
419,4892;Primary1,Primary2,Primary3,Primary4,Primary5,Primary6,Primary7,Primary8,Primary9,Primary10,Primary11,Primary13,Primary14,Primary15,Primary16,Primary17,Primary18,Primary19,Primary20,Primary21,Primary22,Primary23
306,767566,388555;Primary1,Primary2,Primary3,Primary4,Primary5,Primary6,Primary7,Primary8,Primary9,Primary10,Primary11,Primary12,Primary13,Primary14,Primary15,Primary16,Primary17,Primary18,Primary19,Primary20,Primary21,Primary22,Primary23
306,4680,79098,112268422,4057,11148,3856,113218482,112268252;Primary1,Primary2,Primary3,Primary4,Primary5,Primary6,Primary7,Primary8,Primary9,Primary10,Primary11,Primary12,Primary13,Primary14,Primary16,Primary17,Primary18,Primary19,Primary20,Primary21,Primary22,Primary23
306,28824,79098,112268422,4057,11148,113218482,112268252;Primary1,Primary2,Primary3,Primary4,Primary6,Primary7,Primary8,Primary9,Primary10,Primary11,Primary12,Primary13,Primary14,Primary15,Primary16,Primary17,Primary18,Primary19,Primary20,Primary21,Primary22,Primary23
56955,168090,6440;Primary1,Primary2,Primary3,Primary4,Primary5,Primary6,Primary7,Primary8,Primary9,Primary10,Primary11,Primary12,Primary13,Primary14,Primary15,Primary16,Primary17,Primary18,Primary19,Primary20,Primary21,Primary22,Primary23
56955,3880,6440;Primary1,Primary2,Primary3,Primary4,Primary5,Primary6,Primary7,Primary8,Primary9,Primary10,Primary11,Primary12,Primary13,Primary14,Primary15,Primary16,Primary17,Primary18,Primary19,Primary20,Primary21,Primary22,Primary23
56955,1556,6440;Primary2,Primary3,Primary4,Primary5,Primary6,Primary7,Primary8,Primary9,Primary10,Primary11,Primary12,Primary13,Primary14,Primary15,Primary16,Primary17,Primary18,Primary19,Primary20,Primary21,Primary22,Primary23
54848,389376;Primary1,Primary2,Primary3,Primary4,Primary5,Primary6,Primary7,Primary8,Primary9,Primary10,Primary11,Primary12,Primary13,Primary14,Primary15,Primary16,Primary17,Primary18,Primary19,Primary21,Primary22,Primary23
54848,6101;Primary1,Primary2,Primary3,Primary4,Primary5,Primary7,Primary8,Primary9,Primary10,Primary11,Primary12,Primary13,Primary14,Primary15,Primary16,Primary17,Primary18,Primary19,Primary20,Primary21,Primary22,Primary23
57575,399726;Primary1,Primary2,Primary3,Primary4,Primary5,Primary6,Primary8,Primary9,Primary10,Primary11,Primary12,Primary13,Primary14,Primary15,Primary16,Primary17,Primary18,Primary19,Primary20,Primary21,Primary22,Primary23
3248,100423031;Primary1,Primary2,Primary3,Primary4,Primary5,Primary6,Primary7,Primary8,Primary9,Primary10,Primary11,Primary12,Primary13,Primary14,Primary15,Primary17,Primary18,Primary19,Primary20,Primary21,Primary22,Primary23
2160,253970;Primary1,Primary2,Primary3,Primary4,Primary5,Primary6,Primary7,Primary8,Primary9,Primary10,Primary11,Primary12,Primary13,Primary14,Primary15,Primary16,Primary17,Primary18,Primary19,Primary20,Primary21,Primary22,Primary23
2160,10595;Primary1,Primary2,Primary3,Primary4,Primary5,Primary6,Primary7,Primary8,Primary9,Primary10,Primary11,Primary12,Primary13,Primary14,Primary15,Primary16,Primary17,Primary18,Primary19,Primary20,Primary21,Primary22,Primary23
2160,126353,57402,115019;Primary1,Primary2,Primary3,Primary4,Primary5,Primary6,Primary7,Primary8,Primary9,Primary10,Primary12,Primary13,Primary14,Primary15,Primary16,Primary17,Primary18,Primary19,Primary20,Primary21,Primary22,Primary23
2160,94025,10595;Primary1,Primary2,Primary3,Primary4,Primary5,Primary7,Primary8,Primary9,Primary10,Primary11,Primary12,Primary13,Primary14,Primary15,Primary16,Primary17,Primary18,Primary19,Primary20,Primary21,Primary22,Primary23
448831,105,6441,441581,6751,1381;Primary1,Primary2,Primary3,Primary4,Primary5,Primary6,Primary7,Primary8,Primary9,Primary10,Primary11,Primary12,Primary13,Primary14,Primary15,Primary16,Primary17,Primary18,Primary19,Primary20,Primary21,Primary22,Primary23
448831,8091,105,6441,441581,6751,1381,4222;Primary1,Primary2,Primary3,Primary4,Primary5,Primary7,Primary8,Primary9,Primary10,Primary11,Primary12,Primary13,Primary14,Primary15,Primary16,Primary17,Primary18,Primary19,Primary20,Primary21,Primary22,Primary23
448831,340596,105,6441,441581,6751,1381,4222;Primary1,Primary2,Primary3,Primary4,Primary5,Primary6,Primary7,Primary8,Primary9,Primary10,Primary12,Primary13,Primary14,Primary15,Primary16,Primary17,Primary18,Primary19,Primary20,Primary21,Primary22,Primary23
100419743,5225,11081,160728,246,27134;Primary1,Primary2,Primary3,Primary4,Primary5,Primary6,Primary7,Primary8,Primary9,Primary10,Primary11,Primary12,Primary13,Primary14,Primary15,Primary16,Primary17,Primary18,Primary19,Primary20,Primary21,Primary22,Primary23
100419743,441151,5225,11081,160728,246,27134;Primary1,Primary2,Primary3,Primary4,Primary5,Primary6,Primary7,Primary8,Primary9,Primary10,Primary12,Primary13,Primary14,Primary15,Primary16,Primary17,Primary18,Primary19,Primary20,Primary21,Primary22,Primary23
100419743,100302161,11081,246;Primary1,Primary2,Primary3,Primary4,Primary5,Primary6,Primary7,Primary8,Primary9,Primary10,Primary11,Primary12,Primary13,Primary14,Primary15,Primary16,Primary17,Primary18,Primary19,Primary20,Primary21,Primary22,Primary23
100419743,1515,56896,399726;Primary1,Primary2,Primary3,Primary4,Primary5,Primary6,Primary7,Primary8,Primary9,Primary10,Primary11,Primary12,Primary13,Primary14,Primary16,Primary17,Primary18,Primary19,Primary20,Primary21,Primary22,Primary23
100419743,399726,56896;Primary1,Primary2,Primary3,Primary4,Primary5,Primary6,Primary7,Primary8,Primary9,Primary10,Primary11,Primary12,Primary14,Primary15,Primary16,Primary17,Primary18,Primary19,Primary20,Primary21,Primary22,Primary23
100419743,4892,57524,4222,340596;Primary1,Primary2,Primary3,Primary4,Primary5,Primary6,Primary7,Primary9,Primary10,Primary11,Primary12,Primary13,Primary14,Primary15,Primary16,Primary17,Primary18,Primary19,Primary20,Primary21,Primary22,Primary23
100419743,7546,10568,57524,340596;Primary1,Primary2,Primary3,Primary4,Primary5,Primary6,Primary7,Primary9,Primary10,Primary11,Primary12,Primary13,Primary14,Primary15,Primary16,Primary17,Primary18,Primary19,Primary20,Primary21,Primary22,Primary23
100419743,284111,5225,11081,160728,246,27134;Primary1,Primary2,Primary3,Primary4,Primary5,Primary6,Primary7,Primary8,Primary9,Primary10,Primary11,Primary12,Primary13,Primary14,Primary16,Primary17,Primary18,Primary19,Primary20,Primary21,Primary22,Primary23
100419743,3780,4892,57524,340596;Primary1,Primary2,Primary3,Primary4,Primary5,Primary6,Primary7,Primary9,Primary10,Primary11,Primary12,Primary13,Primary14,Primary15,Primary16,Primary17,Primary18,Primary19,Primary20,Primary21,Primary22,Primary23
730,563,63924;Primary1,Primary2,Primary3,Primary4,Primary5,Primary6,Primary7,Primary9,Primary10,Primary11,Primary12,Primary13,Primary14,Primary15,Primary16,Primary17,Primary18,Primary19,Primary20,Primary21,Primary22,Primary23
730,28824;Primary2,Primary3,Primary4,Primary5,Primary6,Primary7,Primary8,Primary9,Primary10,Primary11,Primary12,Primary13,Primary14,Primary15,Primary16,Primary17,Primary18,Primary19,Primary20,Primary21,Primary22,Primary23
84059,3960;Primary1,Primary2,Primary3,Primary4,Primary5,Primary6,Primary7,Primary8,Primary9,Primary10,Primary11,Primary12,Primary13,Primary14,Primary15,Primary16,Primary17,Primary18,Primary19,Primary20,Primary21,Primary23
153643,79977;Primary1,Primary2,Primary3,Primary4,Primary5,Primary6,Primary7,Primary8,Primary9,Primary10,Primary11,Primary12,Primary13,Primary14,Primary15,Primary16,Primary17,Primary18,Primary20,Primary21,Primary22,Primary23
117156,646480,1770,218;Primary1,Primary2,Primary3,Primary4,Primary5,Primary6,Primary7,Primary8,Primary9,Primary10,Primary11,Primary12,Primary13,Primary14,Primary15,Primary16,Primary17,Primary18,Primary19,Primary20,Primary21,Primary22,Primary23
117156,112577518;Primary1,Primary2,Primary3,Primary4,Primary5,Primary6,Primary7,Primary8,Primary9,Primary10,Primary12,Primary13,Primary14,Primary15,Primary16,Primary17,Primary18,Primary19,Primary20,Primary21,Primary22,Primary23
117156,85349,646480,1770,218;Primary1,Primary2,Primary3,Primary4,Primary5,Primary6,Primary7,Primary8,Primary9,Primary10,Primary11,Primary12,Primary13,Primary14,Primary15,Primary16,Primary17,Primary18,Primary19,Primary20,Primary21,Primary23
79908,4496;Primary1,Primary2,Primary3,Primary4,Primary5,Primary6,Primary7,Primary8,Primary9,Primary10,Primary11,Primary12,Primary13,Primary15,Primary16,Primary17,Primary18,Primary19,Primary20,Primary21,Primary22,Primary23
389376,9356;Primary1,Primary2,Primary3,Primary4,Primary5,Primary6,Primary7,Primary8,Primary9,Primary10,Primary11,Primary12,Primary13,Primary14,Primary15,Primary16,Primary17,Primary18,Primary19,Primary20,Primary21,Primary23
389376,2125;Primary1,Primary2,Primary3,Primary4,Primary5,Primary7,Primary8,Primary9,Primary10,Primary11,Primary12,Primary13,Primary14,Primary15,Primary16,Primary17,Primary18,Primary19,Primary20,Primary21,Primary22,Primary23
389376,2208;Primary1,Primary2,Primary3,Primary4,Primary5,Primary6,Primary7,Primary8,Primary9,Primary10,Primary11,Primary12,Primary13,Primary15,Primary16,Primary17,Primary18,Primary19,Primary20,Primary21,Primary22,Primary23
389376,3249,128218;Primary1,Primary2,Primary3,Primary4,Primary5,Primary6,Primary7,Primary8,Primary9,Primary10,Primary11,Primary12,Primary13,Primary14,Primary15,Primary17,Primary18,Primary19,Primary20,Primary21,Primary22,Primary23
5225,114569,100419743,11081,160728,246,27134;Primary1,Primary2,Primary3,Primary4,Primary5,Primary6,Primary7,Primary8,Primary9,Primary10,Primary11,Primary12,Primary13,Primary14,Primary16,Primary17,Primary18,Primary19,Primary20,Primary21,Primary22,Primary23
5225,100033430,11081,246,27134;Primary1,Primary2,Primary3,Primary4,Primary5,Primary6,Primary8,Primary9,Primary10,Primary11,Primary12,Primary13,Primary14,Primary15,Primary16,Primary17,Primary18,Primary19,Primary20,Primary21,Primary22,Primary23
441151,57524,8153;Primary1,Primary2,Primary3,Primary4,Primary5,Primary6,Primary7,Primary8,Primary9,Primary10,Primary11,Primary13,Primary14,Primary15,Primary16,Primary17,Primary18,Primary19,Primary20,Primary21,Primary22,Primary23
441151,3780,57524;Primary1,Primary2,Primary3,Primary4,Primary5,Primary6,Primary7,Primary8,Primary9,Primary10,Primary11,Primary13,Primary14,Primary15,Primary16,Primary17,Primary18,Primary19,Primary20,Primary21,Primary22,Primary23
441151,54084;Primary2,Primary3,Primary4,Primary5,Primary6,Primary7,Primary8,Primary9,Primary10,Primary11,Primary12,Primary13,Primary14,Primary15,Primary16,Primary17,Primary18,Primary19,Primary20,Primary21,Primary22,Primary23
168090,155465,6440;Primary1,Primary2,Primary3,Primary4,Primary5,Primary6,Primary7,Primary8,Primary9,Primary10,Primary11,Primary12,Primary14,Primary15,Primary16,Primary17,Primary18,Primary19,Primary20,Primary21,Primary22,Primary23
168090,3880,56955,6440;Primary1,Primary2,Primary3,Primary4,Primary5,Primary6,Primary7,Primary8,Primary9,Primary10,Primary11,Primary12,Primary14,Primary15,Primary16,Primary17,Primary18,Primary19,Primary20,Primary21,Primary22,Primary23
155465,1080;Primary1,Primary2,Primary3,Primary4,Primary5,Primary6,Primary7,Primary8,Primary9,Primary10,Primary11,Primary12,Primary13,Primary14,Primary15,Primary16,Primary17,Primary18,Primary19,Primary20,Primary21,Primary22,Primary23
155465,6440;Primary1,Primary2,Primary3,Primary4,Primary5,Primary6,Primary7,Primary8,Primary9,Primary10,Primary11,Primary12,Primary13,Primary14,Primary15,Primary16,Primary17,Primary18,Primary19,Primary20,Primary21,Primary22,Primary23
155465,123624;Primary1,Primary2,Primary3,Primary4,Primary5,Primary6,Primary7,Primary8,Primary9,Primary10,Primary11,Primary12,Primary13,Primary14,Primary15,Primary16,Primary17,Primary18,Primary19,Primary20,Primary21,Primary22,Primary23
155465,3880,6440;Primary1,Primary2,Primary3,Primary4,Primary5,Primary6,Primary7,Primary8,Primary9,Primary10,Primary11,Primary13,Primary14,Primary15,Primary16,Primary17,Primary18,Primary19,Primary20,Primary21,Primary22,Primary23
4852,375612;Primary1,Primary2,Primary3,Primary4,Primary5,Primary6,Primary7,Primary8,Primary9,Primary10,Primary11,Primary12,Primary13,Primary14,Primary15,Primary16,Primary17,Primary18,Primary19,Primary20,Primary21,Primary22,Primary23
4852,284266,54,4318,109729184;Primary1,Primary2,Primary3,Primary4,Primary5,Primary6,Primary7,Primary8,Primary9,Primary10,Primary11,Primary12,Primary13,Primary14,Primary15,Primary17,Primary18,Primary19,Primary20,Primary21,Primary22,Primary23
4852,9622,4693;Primary1,Primary2,Primary3,Primary4,Primary5,Primary6,Primary7,Primary8,Primary9,Primary10,Primary11,Primary12,Primary13,Primary14,Primary15,Primary16,Primary17,Primary18,Primary19,Primary20,Primary22,Primary23
222183,1515,57524;Primary1,Primary2,Primary3,Primary4,Primary5,Primary6,Primary7,Primary8,Primary9,Primary10,Primary11,Primary12,Primary13,Primary14,Primary15,Primary16,Primary17,Primary19,Primary20,Primary21,Primary22,Primary23
222183,8153,7546,57524;Primary1,Primary2,Primary3,Primary4,Primary5,Primary6,Primary7,Primary8,Primary9,Primary10,Primary11,Primary12,Primary13,Primary14,Primary15,Primary16,Primary17,Primary19,Primary20,Primary21,Primary22,Primary23
222183,2922;Primary1,Primary2,Primary3,Primary4,Primary5,Primary6,Primary7,Primary8,Primary9,Primary10,Primary11,Primary12,Primary14,Primary15,Primary16,Primary17,Primary18,Primary19,Primary20,Primary21,Primary22,Primary23
563,66002,1579,63924,9370,100874095,5346,1048;Primary1,Primary2,Primary3,Primary4,Primary5,Primary6,Primary7,Primary9,Primary10,Primary11,Primary12,Primary13,Primary14,Primary15,Primary16,Primary17,Primary18,Primary19,Primary20,Primary21,Primary22,Primary23
10071,9228,114569,22943,22941,284111,64073;Primary1,Primary2,Primary3,Primary4,Primary5,Primary6,Primary7,Primary8,Primary9,Primary10,Primary11,Primary12,Primary13,Primary14,Primary15,Primary16,Primary17,Primary18,Primary19,Primary20,Primary21,Primary22,Primary23
10071,195814,22943,22941,7080;Primary1,Primary2,Primary3,Primary4,Primary6,Primary7,Primary8,Primary9,Primary10,Primary11,Primary12,Primary13,Primary14,Primary15,Primary16,Primary17,Primary18,Primary19,Primary20,Primary21,Primary22,Primary23
10071,6337,5349;Primary1,Primary2,Primary3,Primary4,Primary5,Primary7,Primary8,Primary9,Primary10,Primary11,Primary12,Primary13,Primary14,Primary15,Primary16,Primary17,Primary18,Primary19,Primary20,Primary21,Primary22,Primary23
10071,7080,114569,22943,22941,284111,50964,64073;Primary1,Primary2,Primary3,Primary4,Primary5,Primary6,Primary7,Primary8,Primary9,Primary10,Primary11,Primary12,Primary13,Primary14,Primary15,Primary16,Primary17,Primary18,Primary19,Primary20,Primary21,Primary22,Primary23
10071,5346,9228,114569,22943,22941,284111,64073;Primary2,Primary3,Primary4,Primary5,Primary6,Primary7,Primary8,Primary9,Primary10,Primary11,Primary12,Primary13,Primary14,Primary15,Primary16,Primary17,Primary18,Primary19,Primary20,Primary21,Primary22,Primary23
10071,55567;Primary1,Primary2,Primary3,Primary4,Primary5,Primary6,Primary7,Primary8,Primary9,Primary10,Primary11,Primary13,Primary14,Primary15,Primary16,Primary17,Primary18,Primary19,Primary20,Primary21,Primary22,Primary23
10071,999,9228,5346;Primary2,Primary3,Primary4,Primary5,Primary6,Primary7,Primary8,Primary9,Primary10,Primary11,Primary12,Primary13,Primary14,Primary15,Primary16,Primary17,Primary18,Primary19,Primary20,Primary21,Primary22,Primary23
10071,4680,9228,114569,22943,22941,7080,284111,50964,64073;Primary1,Primary2,Primary3,Primary4,Primary5,Primary7,Primary8,Primary9,Primary10,Primary11,Primary12,Primary13,Primary14,Primary15,Primary16,Primary17,Primary18,Primary19,Primary20,Primary21,Primary22,Primary23
10071,112268252,9228,114569,22943,22941,7080,284111,64073,4680;Primary1,Primary2,Primary3,Primary4,Primary5,Primary7,Primary8,Primary9,Primary10,Primary11,Primary12,Primary13,Primary14,Primary15,Primary16,Primary17,Primary18,Primary19,Primary20,Primary21,Primary22,Primary23
10071,6473,9228;Primary1,Primary2,Primary3,Primary4,Primary5,Primary6,Primary8,Primary9,Primary10,Primary11,Primary12,Primary13,Primary14,Primary15,Primary16,Primary17,Primary18,Primary19,Primary20,Primary21,Primary22,Primary23
1080,123624,155465;Primary1,Primary2,Primary3,Primary4,Primary5,Primary6,Primary7,Primary8,Primary9,Primary10,Primary11,Primary12,Primary13,Primary15,Primary16,Primary17,Primary18,Primary19,Primary20,Primary21,Primary22,Primary23
100506380,1515;Primary1,Primary2,Primary3,Primary4,Primary5,Primary6,Primary7,Primary8,Primary10,Primary11,Primary12,Primary13,Primary14,Primary15,Primary16,Primary17,Primary18,Primary19,Primary20,Primary21,Primary22,Primary23
9228,3229,10071,114569,22943,22941,7080,284111,64073;Primary1,Primary2,Primary3,Primary4,Primary5,Primary6,Primary7,Primary8,Primary9,Primary10,Primary11,Primary13,Primary14,Primary15,Primary16,Primary17,Primary18,Primary19,Primary20,Primary21,Primary22,Primary23
9228,4680;Primary1,Primary2,Primary3,Primary4,Primary5,Primary6,Primary7,Primary8,Primary9,Primary10,Primary11,Primary12,Primary13,Primary14,Primary15,Primary16,Primary17,Primary18,Primary19,Primary20,Primary21,Primary22,Primary23
9228,6473;Primary1,Primary2,Primary3,Primary4,Primary5,Primary6,Primary7,Primary8,Primary9,Primary10,Primary11,Primary12,Primary13,Primary14,Primary15,Primary16,Primary17,Primary18,Primary19,Primary20,Primary21,Primary22,Primary23
6440,253982;Primary1,Primary2,Primary3,Primary4,Primary5,Primary6,Primary7,Primary9,Primary10,Primary11,Primary12,Primary13,Primary14,Primary15,Primary16,Primary17,Primary18,Primary19,Primary20,Primary21,Primary22,Primary23
6101,3929;Primary2,Primary3,Primary4,Primary5,Primary6,Primary7,Primary8,Primary9,Primary10,Primary11,Primary12,Primary13,Primary14,Primary15,Primary16,Primary17,Primary18,Primary19,Primary20,Primary21,Primary22,Primary23
646480,727897,85349,1770,218,11254;Primary1,Primary2,Primary3,Primary4,Primary5,Primary6,Primary7,Primary8,Primary9,Primary10,Primary11,Primary12,Primary13,Primary14,Primary15,Primary16,Primary17,Primary18,Primary19,Primary20,Primary21,Primary22
646480,112577518,85349,218;Primary1,Primary3,Primary4,Primary5,Primary6,Primary7,Primary8,Primary9,Primary10,Primary11,Primary12,Primary13,Primary14,Primary15,Primary16,Primary17,Primary18,Primary19,Primary20,Primary21,Primary22,Primary23
646480,85349,1770,218;Primary1,Primary2,Primary3,Primary4,Primary5,Primary6,Primary7,Primary8,Primary9,Primary10,Primary11,Primary12,Primary13,Primary14,Primary15,Primary16,Primary17,Primary18,Primary19,Primary20,Primary21,Primary22,Primary23
9699,4062;Primary1,Primary2,Primary3,Primary4,Primary5,Primary6,Primary7,Primary8,Primary9,Primary10,Primary11,Primary12,Primary13,Primary15,Primary16,Primary17,Primary18,Primary19,Primary20,Primary21,Primary22,Primary23
114569,58524,22943,22941,7080,284111,64073;Primary1,Primary2,Primary3,Primary4,Primary5,Primary6,Primary7,Primary9,Primary10,Primary11,Primary12,Primary13,Primary14,Primary15,Primary16,Primary17,Primary18,Primary19,Primary20,Primary21,Primary22,Primary23
114569,83643,22943,22941,7080,284111,50964,64073;Primary1,Primary2,Primary3,Primary4,Primary5,Primary6,Primary7,Primary8,Primary9,Primary10,Primary11,Primary12,Primary13,Primary14,Primary15,Primary16,Primary17,Primary18,Primary20,Primary21,Primary22,Primary23
114569,3229,22943,22941,7080,284111,64073;Primary1,Primary2,Primary3,Primary4,Primary5,Primary6,Primary7,Primary8,Primary9,Primary10,Primary11,Primary12,Primary13,Primary14,Primary15,Primary16,Primary17,Primary18,Primary19,Primary20,Primary21,Primary22,Primary23
114569,21,7080;Primary1,Primary2,Primary3,Primary4,Primary5,Primary6,Primary7,Primary9,Primary10,Primary11,Primary12,Primary13,Primary14,Primary15,Primary16,Primary17,Primary18,Primary19,Primary20,Primary21,Primary22,Primary23
641384,100302170;Primary1,Primary2,Primary3,Primary4,Primary5,Primary6,Primary7,Primary8,Primary9,Primary10,Primary11,Primary12,Primary13,Primary14,Primary15,Primary16,Primary17,Primary18,Primary19,Primary20,Primary21,Primary22,Primary23
641384,284434;Primary1,Primary2,Primary3,Primary4,Primary5,Primary6,Primary7,Primary9,Primary10,Primary11,Primary12,Primary13,Primary14,Primary15,Primary16,Primary17,Primary18,Primary19,Primary20,Primary21,Primary22,Primary23
100302161,160728,100419743,11081,246;Primary1,Primary2,Primary3,Primary4,Primary5,Primary6,Primary7,Primary8,Primary9,Primary10,Primary11,Primary12,Primary13,Primary15,Primary16,Primary17,Primary18,Primary19,Primary20,Primary21,Primary22,Primary23
100302161,4861,100419743,11081,246;Primary1,Primary2,Primary3,Primary4,Primary5,Primary6,Primary7,Primary8,Primary9,Primary10,Primary11,Primary12,Primary13,Primary14,Primary15,Primary16,Primary17,Primary19,Primary20,Primary21,Primary22,Primary23
4062,57524,8153,3780;Primary1,Primary2,Primary3,Primary4,Primary5,Primary6,Primary7,Primary8,Primary9,Primary10,Primary11,Primary12,Primary13,Primary14,Primary15,Primary16,Primary17,Primary18,Primary19,Primary21,Primary22,Primary23
58524,22943,22941,284111,64073;Primary1,Primary2,Primary3,Primary4,Primary5,Primary6,Primary7,Primary8,Primary9,Primary10,Primary11,Primary12,Primary13,Primary14,Primary15,Primary16,Primary17,Primary18,Primary19,Primary20,Primary21,Primary22,Primary23
58524,7080,114569,22943,22941,284111,64073;Primary2,Primary3,Primary4,Primary5,Primary6,Primary7,Primary8,Primary9,Primary10,Primary11,Primary12,Primary13,Primary14,Primary15,Primary16,Primary17,Primary18,Primary19,Primary20,Primary21,Primary22,Primary23
58524,4680,22943,22941,284111,64073,112268252;Primary1,Primary2,Primary3,Primary4,Primary5,Primary7,Primary8,Primary9,Primary10,Primary11,Primary12,Primary13,Primary14,Primary15,Primary16,Primary17,Primary18,Primary19,Primary20,Primary21,Primary22,Primary23
8395,107985317;Primary1,Primary2,Primary3,Primary4,Primary5,Primary6,Primary7,Primary8,Primary9,Primary10,Primary11,Primary12,Primary13,Primary14,Primary15,Primary16,Primary17,Primary18,Primary19,Primary20,Primary21,Primary22,Primary23
1515,9118;Primary1,Primary2,Primary3,Primary4,Primary5,Primary6,Primary7,Primary8,Primary9,Primary10,Primary11,Primary12,Primary13,Primary14,Primary15,Primary16,Primary17,Primary18,Primary19,Primary21,Primary22,Primary23
1515,7080,57524,8153,3780;Primary1,Primary2,Primary3,Primary4,Primary5,Primary6,Primary7,Primary8,Primary9,Primary10,Primary11,Primary12,Primary13,Primary14,Primary16,Primary17,Primary18,Primary19,Primary20,Primary21,Primary22,Primary23
1515,1381,56896;Primary1,Primary2,Primary3,Primary4,Primary5,Primary6,Primary7,Primary8,Primary9,Primary10,Primary11,Primary13,Primary14,Primary15,Primary16,Primary17,Primary18,Primary19,Primary20,Primary21,Primary22,Primary23
1515,57524,3780;Primary1,Primary2,Primary3,Primary4,Primary5,Primary6,Primary7,Primary8,Primary9,Primary10,Primary11,Primary12,Primary13,Primary14,Primary15,Primary16,Primary17,Primary18,Primary19,Primary20,Primary21,Primary22,Primary23
1515,4222,56896,100419743,57524;Primary1,Primary2,Primary3,Primary4,Primary5,Primary6,Primary7,Primary9,Primary10,Primary11,Primary12,Primary13,Primary14,Primary15,Primary16,Primary17,Primary18,Primary19,Primary20,Primary21,Primary22,Primary23
105,4892,441581,6751,1381,4222;Primary1,Primary2,Primary3,Primary4,Primary5,Primary6,Primary7,Primary8,Primary9,Primary10,Primary12,Primary13,Primary14,Primary15,Primary16,Primary17,Primary18,Primary19,Primary20,Primary21,Primary22,Primary23
105,7546,10568,441581,6751,1381,57524;Primary1,Primary2,Primary3,Primary4,Primary5,Primary6,Primary7,Primary8,Primary9,Primary10,Primary12,Primary13,Primary14,Primary15,Primary16,Primary17,Primary18,Primary19,Primary20,Primary21,Primary22,Primary23
105,340596,6441,441581,6751,1381,4222;Primary1,Primary2,Primary3,Primary4,Primary5,Primary6,Primary7,Primary8,Primary9,Primary10,Primary11,Primary12,Primary13,Primary14,Primary15,Primary16,Primary17,Primary18,Primary19,Primary20,Primary21,Primary22,Primary23
83643,21;Primary1,Primary2,Primary3,Primary4,Primary5,Primary6,Primary7,Primary8,Primary9,Primary10,Primary11,Primary12,Primary13,Primary14,Primary15,Primary16,Primary17,Primary18,Primary20,Primary21,Primary22,Primary23
83643,54854;Primary1,Primary2,Primary3,Primary4,Primary5,Primary6,Primary7,Primary8,Primary9,Primary10,Primary11,Primary12,Primary13,Primary14,Primary16,Primary17,Primary18,Primary19,Primary20,Primary21,Primary22,Primary23
22943,84700,7080,284111,64073;Primary1,Primary2,Primary3,Primary4,Primary5,Primary6,Primary7,Primary8,Primary9,Primary10,Primary12,Primary13,Primary14,Primary15,Primary16,Primary17,Primary18,Primary19,Primary20,Primary21,Primary22,Primary23
22943,6473,9228,22941,284111,64073;Primary1,Primary2,Primary3,Primary4,Primary5,Primary7,Primary8,Primary9,Primary10,Primary11,Primary12,Primary13,Primary14,Primary15,Primary16,Primary17,Primary18,Primary19,Primary20,Primary21,Primary22,Primary23
65217,146177;Primary2,Primary3,Primary4,Primary5,Primary6,Primary7,Primary8,Primary9,Primary10,Primary11,Primary12,Primary13,Primary14,Primary15,Primary16,Primary17,Primary18,Primary19,Primary20,Primary21,Primary22,Primary23
65217,94025,79098,11148;Primary1,Primary2,Primary3,Primary5,Primary6,Primary7,Primary8,Primary9,Primary10,Primary11,Primary12,Primary13,Primary14,Primary15,Primary16,Primary17,Primary18,Primary19,Primary20,Primary21,Primary22,Primary23
65217,388555,33;Primary1,Primary2,Primary3,Primary4,Primary5,Primary6,Primary7,Primary8,Primary9,Primary10,Primary11,Primary12,Primary13,Primary14,Primary15,Primary16,Primary17,Primary18,Primary19,Primary20,Primary21,Primary22,Primary23
729238,653509;Primary1,Primary2,Primary3,Primary4,Primary5,Primary6,Primary7,Primary8,Primary9,Primary11,Primary12,Primary13,Primary14,Primary15,Primary16,Primary17,Primary18,Primary19,Primary20,Primary21,Primary22,Primary23
729238,7080;Primary1,Primary2,Primary3,Primary4,Primary5,Primary6,Primary7,Primary8,Primary9,Primary10,Primary11,Primary12,Primary13,Primary14,Primary15,Primary16,Primary17,Primary19,Primary20,Primary21,Primary22,Primary23
729238,84700;Primary1,Primary2,Primary3,Primary4,Primary5,Primary6,Primary7,Primary8,Primary9,Primary10,Primary12,Primary13,Primary14,Primary15,Primary16,Primary17,Primary18,Primary19,Primary20,Primary21,Primary22,Primary23
4892,4604,105369937;Primary1,Primary2,Primary3,Primary4,Primary5,Primary6,Primary7,Primary8,Primary9,Primary10,Primary11,Primary12,Primary13,Primary14,Primary15,Primary16,Primary17,Primary18,Primary19,Primary20,Primary21,Primary22,Primary23
4892,8153,57524,3780,340596;Primary1,Primary2,Primary3,Primary4,Primary5,Primary6,Primary7,Primary9,Primary10,Primary11,Primary12,Primary13,Primary14,Primary15,Primary16,Primary17,Primary18,Primary19,Primary20,Primary21,Primary22,Primary23
4892,4222,340596;Primary1,Primary2,Primary3,Primary4,Primary5,Primary6,Primary7,Primary8,Primary9,Primary10,Primary11,Primary12,Primary13,Primary14,Primary15,Primary16,Primary17,Primary18,Primary19,Primary20,Primary21,Primary22,Primary23
441581,2065,105,6751,1381,340596;Primary2,Primary3,Primary4,Primary5,Primary6,Primary7,Primary8,Primary9,Primary10,Primary11,Primary12,Primary13,Primary14,Primary15,Primary16,Primary17,Primary18,Primary19,Primary20,Primary21,Primary22,Primary23
4586,6532;Primary1,Primary2,Primary3,Primary4,Primary5,Primary6,Primary7,Primary8,Primary9,Primary10,Primary11,Primary12,Primary13,Primary14,Primary15,Primary17,Primary18,Primary19,Primary20,Primary21,Primary22,Primary23
727897,112577518,85349;Primary1,Primary3,Primary4,Primary5,Primary6,Primary7,Primary8,Primary9,Primary10,Primary11,Primary12,Primary13,Primary14,Primary15,Primary16,Primary17,Primary18,Primary19,Primary20,Primary21,Primary22,Primary23
727897,85349,11254;Primary1,Primary2,Primary3,Primary4,Primary5,Primary6,Primary7,Primary8,Primary9,Primary10,Primary11,Primary12,Primary13,Primary14,Primary15,Primary16,Primary17,Primary18,Primary19,Primary20,Primary21,Primary22,Primary23
390083,196335,24150,89765;Primary1,Primary2,Primary3,Primary4,Primary5,Primary6,Primary7,Primary8,Primary9,Primary10,Primary11,Primary12,Primary13,Primary14,Primary15,Primary16,Primary17,Primary18,Primary19,Primary20,Primary21,Primary22,Primary23
390083,110806280,196335;Primary2,Primary3,Primary4,Primary5,Primary6,Primary7,Primary8,Primary9,Primary10,Primary11,Primary12,Primary13,Primary14,Primary15,Primary16,Primary17,Primary18,Primary19,Primary20,Primary21,Primary22,Primary23
390083,1555,632;Primary1,Primary2,Primary3,Primary4,Primary5,Primary6,Primary7,Primary8,Primary9,Primary10,Primary11,Primary12,Primary13,Primary14,Primary15,Primary16,Primary17,Primary18,Primary19,Primary20,Primary22,Primary23
196335,4693,24150;Primary1,Primary2,Primary3,Primary4,Primary5,Primary6,Primary7,Primary8,Primary9,Primary10,Primary11,Primary12,Primary13,Primary14,Primary15,Primary16,Primary17,Primary18,Primary19,Primary20,Primary21,Primary22,Primary23
6337,5349;Primary1,Primary2,Primary3,Primary4,Primary5,Primary6,Primary7,Primary8,Primary9,Primary10,Primary11,Primary12,Primary13,Primary14,Primary15,Primary16,Primary17,Primary18,Primary19,Primary20,Primary21,Primary22,Primary23
6337,4680;Primary1,Primary2,Primary3,Primary4,Primary5,Primary6,Primary7,Primary8,Primary9,Primary10,Primary11,Primary12,Primary13,Primary14,Primary15,Primary16,Primary17,Primary18,Primary19,Primary20,Primary21,Primary22,Primary23
5544,5545;Primary1,Primary2,Primary3,Primary4,Primary5,Primary6,Primary7,Primary8,Primary9,Primary10,Primary11,Primary12,Primary13,Primary14,Primary15,Primary16,Primary17,Primary18,Primary19,Primary20,Primary21,Primary22,Primary23
5544,3780,5545;Primary1,Primary2,Primary3,Primary4,Primary5,Primary6,Primary7,Primary9,Primary10,Primary11,Primary12,Primary13,Primary14,Primary15,Primary16,Primary17,Primary18,Primary19,Primary20,Primary21,Primary22,Primary23
5544,388555,5545;Primary1,Primary2,Primary3,Primary4,Primary5,Primary7,Primary8,Primary9,Primary10,Primary11,Primary12,Primary13,Primary14,Primary15,Primary16,Primary17,Primary18,Primary19,Primary20,Primary21,Primary22,Primary23
120892,503640;Primary1,Primary2,Primary3,Primary4,Primary5,Primary6,Primary7,Primary8,Primary9,Primary10,Primary11,Primary12,Primary13,Primary14,Primary15,Primary16,Primary17,Primary18,Primary19,Primary20,Primary22,Primary23
120892,284434;Primary1,Primary2,Primary4,Primary5,Primary6,Primary7,Primary8,Primary9,Primary10,Primary11,Primary12,Primary13,Primary14,Primary15,Primary16,Primary17,Primary18,Primary19,Primary20,Primary21,Primary22,Primary23
107984498,126353,57402,115019,103504738,94025;Primary1,Primary2,Primary3,Primary4,Primary5,Primary7,Primary8,Primary9,Primary10,Primary11,Primary12,Primary13,Primary14,Primary15,Primary16,Primary17,Primary18,Primary19,Primary20,Primary21,Primary22,Primary23
107984498,105372793,4057,113218482,94025,112268252;Primary1,Primary2,Primary3,Primary5,Primary6,Primary7,Primary8,Primary9,Primary10,Primary11,Primary12,Primary13,Primary14,Primary15,Primary16,Primary17,Primary18,Primary19,Primary20,Primary21,Primary22,Primary23
109729127,218,28824;Primary1,Primary2,Primary4,Primary5,Primary6,Primary7,Primary8,Primary9,Primary10,Primary11,Primary12,Primary13,Primary14,Primary15,Primary16,Primary17,Primary18,Primary19,Primary20,Primary21,Primary22,Primary23
3856,388555,4057,11148,131873,306,113218482;Primary1,Primary2,Primary3,Primary4,Primary5,Primary6,Primary7,Primary8,Primary9,Primary10,Primary12,Primary13,Primary14,Primary15,Primary16,Primary17,Primary18,Primary19,Primary20,Primary21,Primary22,Primary23
3856,2277,4057,11148,113218482,112268252;Primary1,Primary2,Primary3,Primary4,Primary5,Primary6,Primary7,Primary8,Primary9,Primary10,Primary11,Primary12,Primary13,Primary14,Primary15,Primary16,Primary17,Primary18,Primary19,Primary20,Primary21,Primary22,Primary23
113218482,26609;Primary1,Primary2,Primary3,Primary4,Primary5,Primary6,Primary7,Primary8,Primary9,Primary10,Primary11,Primary12,Primary13,Primary14,Primary15,Primary16,Primary17,Primary19,Primary20,Primary21,Primary22,Primary23
3229,7546,10568,57524;Primary1,Primary2,Primary3,Primary4,Primary5,Primary6,Primary7,Primary8,Primary9,Primary10,Primary11,Primary12,Primary13,Primary14,Primary16,Primary17,Primary18,Primary19,Primary20,Primary21,Primary22,Primary23
3229,55567,7080;Primary1,Primary2,Primary3,Primary4,Primary5,Primary6,Primary8,Primary9,Primary10,Primary11,Primary12,Primary13,Primary14,Primary15,Primary16,Primary17,Primary18,Primary19,Primary20,Primary21,Primary22,Primary23
3229,4680,114569,22943,22941,7080,284111,64073;Primary1,Primary2,Primary3,Primary4,Primary5,Primary7,Primary8,Primary9,Primary10,Primary11,Primary12,Primary13,Primary14,Primary15,Primary16,Primary17,Primary18,Primary19,Primary20,Primary21,Primary22,Primary23
8091,100129940;Primary1,Primary2,Primary3,Primary4,Primary5,Primary7,Primary8,Primary9,Primary10,Primary11,Primary12,Primary13,Primary14,Primary15,Primary16,Primary17,Primary18,Primary19,Primary20,Primary21,Primary22,Primary23
8091,7546,10568,57524;Primary1,Primary2,Primary3,Primary4,Primary5,Primary7,Primary8,Primary9,Primary10,Primary11,Primary12,Primary13,Primary14,Primary15,Primary16,Primary17,Primary18,Primary19,Primary20,Primary21,Primary22,Primary23
8091,767566,4057,306,388555;Primary1,Primary2,Primary3,Primary4,Primary5,Primary6,Primary7,Primary8,Primary9,Primary10,Primary11,Primary13,Primary14,Primary15,Primary16,Primary17,Primary18,Primary19,Primary20,Primary21,Primary22,Primary23
8091,388555;Primary1,Primary2,Primary3,Primary4,Primary5,Primary6,Primary7,Primary8,Primary9,Primary10,Primary11,Primary12,Primary13,Primary14,Primary15,Primary16,Primary17,Primary18,Primary19,Primary20,Primary21,Primary22,Primary23
8091,340596,105,6441,441581,6751,1381,4222;Primary1,Primary2,Primary3,Primary4,Primary5,Primary7,Primary8,Primary9,Primary10,Primary11,Primary12,Primary13,Primary14,Primary15,Primary16,Primary17,Primary18,Primary19,Primary20,Primary21,Primary22,Primary23
100129940,7546;Primary1,Primary2,Primary3,Primary4,Primary5,Primary6,Primary7,Primary8,Primary9,Primary10,Primary11,Primary12,Primary13,Primary14,Primary15,Primary17,Primary18,Primary19,Primary20,Primary21,Primary22,Primary23
4604,29895,105369937,4606,7125;Primary1,Primary2,Primary3,Primary4,Primary5,Primary6,Primary7,Primary8,Primary9,Primary10,Primary11,Primary13,Primary14,Primary15,Primary16,Primary17,Primary18,Primary19,Primary20,Primary21,Primary22,Primary23
4604,4606,105369937;Primary1,Primary2,Primary3,Primary4,Primary5,Primary6,Primary7,Primary8,Primary9,Primary10,Primary11,Primary12,Primary13,Primary14,Primary15,Primary16,Primary17,Primary18,Primary19,Primary20,Primary21,Primary22,Primary23
5053,255189,128674;Primary1,Primary2,Primary3,Primary4,Primary5,Primary6,Primary7,Primary8,Primary9,Primary10,Primary11,Primary12,Primary13,Primary14,Primary15,Primary16,Primary17,Primary18,Primary19,Primary20,Primary21,Primary22,Primary23
5053,9622,255189;Primary1,Primary2,Primary3,Primary4,Primary5,Primary6,Primary7,Primary8,Primary9,Primary10,Primary12,Primary13,Primary14,Primary15,Primary16,Primary17,Primary18,Primary19,Primary20,Primary21,Primary22,Primary23
7546,8153,57524;Primary1,Primary2,Primary3,Primary4,Primary5,Primary6,Primary7,Primary8,Primary9,Primary10,Primary11,Primary12,Primary13,Primary14,Primary15,Primary16,Primary17,Primary18,Primary19,Primary20,Primary21,Primary22,Primary23
7546,3780,100419743,57524,340596;Primary1,Primary2,Primary3,Primary4,Primary5,Primary6,Primary7,Primary9,Primary10,Primary11,Primary12,Primary13,Primary14,Primary15,Primary16,Primary17,Primary18,Primary19,Primary20,Primary21,Primary22,Primary23
7546,388555;Primary1,Primary2,Primary3,Primary4,Primary5,Primary7,Primary8,Primary9,Primary10,Primary11,Primary12,Primary13,Primary14,Primary15,Primary16,Primary17,Primary18,Primary19,Primary20,Primary21,Primary22,Primary23
7546,340596,10568;Primary1,Primary2,Primary3,Primary4,Primary5,Primary6,Primary7,Primary8,Primary9,Primary10,Primary11,Primary12,Primary14,Primary15,Primary16,Primary17,Primary18,Primary19,Primary20,Primary21,Primary22,Primary23
253970,103504738;Primary1,Primary2,Primary3,Primary4,Primary5,Primary7,Primary8,Primary9,Primary10,Primary11,Primary12,Primary13,Primary14,Primary15,Primary16,Primary17,Primary18,Primary19,Primary20,Primary21,Primary22,Primary23
253970,126353,57402,115019;Primary1,Primary2,Primary3,Primary4,Primary5,Primary6,Primary7,Primary8,Primary9,Primary10,Primary12,Primary13,Primary14,Primary15,Primary16,Primary17,Primary18,Primary19,Primary20,Primary21,Primary22,Primary23
253970,84700;Primary1,Primary2,Primary3,Primary5,Primary6,Primary7,Primary8,Primary9,Primary10,Primary11,Primary12,Primary13,Primary14,Primary15,Primary16,Primary17,Primary18,Primary19,Primary20,Primary21,Primary22,Primary23
6751,8153,1381,57524;Primary1,Primary2,Primary3,Primary4,Primary5,Primary6,Primary7,Primary8,Primary9,Primary10,Primary12,Primary13,Primary14,Primary15,Primary16,Primary17,Primary18,Primary19,Primary20,Primary21,Primary22,Primary23
767566,767567;Primary1,Primary2,Primary3,Primary4,Primary5,Primary7,Primary8,Primary9,Primary10,Primary11,Primary12,Primary13,Primary14,Primary15,Primary16,Primary17,Primary18,Primary19,Primary20,Primary21,Primary22,Primary23
767566,4680,306;Primary1,Primary2,Primary3,Primary4,Primary5,Primary6,Primary7,Primary8,Primary9,Primary10,Primary11,Primary12,Primary13,Primary14,Primary16,Primary17,Primary18,Primary19,Primary20,Primary21,Primary22,Primary23
767567,81832;Primary1,Primary2,Primary3,Primary4,Primary5,Primary6,Primary7,Primary8,Primary9,Primary10,Primary11,Primary12,Primary14,Primary15,Primary16,Primary17,Primary18,Primary19,Primary20,Primary21,Primary22,Primary23
606,766;Primary1,Primary2,Primary3,Primary4,Primary5,Primary6,Primary7,Primary8,Primary9,Primary10,Primary11,Primary12,Primary13,Primary14,Primary15,Primary16,Primary17,Primary18,Primary19,Primary20,Primary21,Primary22,Primary23
100033430,253982;Primary1,Primary2,Primary3,Primary4,Primary5,Primary6,Primary7,Primary8,Primary9,Primary10,Primary11,Primary12,Primary13,Primary14,Primary15,Primary16,Primary17,Primary19,Primary20,Primary21,Primary22,Primary23
5346,3960;Primary2,Primary3,Primary4,Primary5,Primary6,Primary7,Primary8,Primary9,Primary10,Primary11,Primary12,Primary13,Primary14,Primary15,Primary16,Primary17,Primary18,Primary19,Primary20,Primary21,Primary22,Primary23
5346,6473,9228;Primary2,Primary3,Primary4,Primary5,Primary6,Primary7,Primary8,Primary9,Primary10,Primary11,Primary12,Primary13,Primary14,Primary15,Primary16,Primary17,Primary18,Primary19,Primary20,Primary21,Primary22,Primary23
57524,2922;Primary1,Primary2,Primary3,Primary4,Primary5,Primary6,Primary7,Primary8,Primary9,Primary10,Primary11,Primary12,Primary14,Primary15,Primary16,Primary17,Primary18,Primary19,Primary20,Primary21,Primary22,Primary23
728276,6928,54854;Primary1,Primary2,Primary3,Primary4,Primary5,Primary6,Primary7,Primary8,Primary9,Primary10,Primary11,Primary12,Primary13,Primary14,Primary15,Primary17,Primary18,Primary19,Primary20,Primary21,Primary22,Primary23
728276,54854;Primary1,Primary2,Primary3,Primary4,Primary5,Primary6,Primary7,Primary8,Primary9,Primary10,Primary11,Primary12,Primary13,Primary14,Primary15,Primary16,Primary17,Primary18,Primary19,Primary20,Primary21,Primary22,Primary23
29895,4606,7125;Primary1,Primary2,Primary3,Primary4,Primary5,Primary6,Primary7,Primary8,Primary9,Primary10,Primary11,Primary12,Primary13,Primary14,Primary15,Primary16,Primary17,Primary18,Primary19,Primary20,Primary21,Primary22,Primary23
999,5349;Primary1,Primary2,Primary3,Primary4,Primary5,Primary6,Primary7,Primary8,Primary9,Primary10,Primary11,Primary12,Primary13,Primary14,Primary15,Primary16,Primary17,Primary18,Primary19,Primary20,Primary21,Primary22,Primary23
6532,728226;Primary1,Primary2,Primary4,Primary5,Primary6,Primary7,Primary8,Primary9,Primary10,Primary11,Primary12,Primary13,Primary14,Primary15,Primary16,Primary17,Primary18,Primary19,Primary20,Primary21,Primary22,Primary23
6354,284266,54,4318,109729184;Primary1,Primary2,Primary3,Primary4,Primary6,Primary7,Primary8,Primary9,Primary10,Primary11,Primary12,Primary13,Primary14,Primary15,Primary16,Primary17,Primary18,Primary19,Primary20,Primary21,Primary22,Primary23
6354,54;Primary1,Primary2,Primary3,Primary4,Primary5,Primary6,Primary7,Primary8,Primary9,Primary10,Primary11,Primary12,Primary13,Primary14,Primary15,Primary16,Primary17,Primary18,Primary19,Primary20,Primary21,Primary22,Primary23
6354,4318,284266,54,109729184;Primary1,Primary2,Primary3,Primary4,Primary5,Primary6,Primary7,Primary8,Primary9,Primary10,Primary11,Primary12,Primary13,Primary15,Primary16,Primary17,Primary18,Primary19,Primary20,Primary21,Primary22,Primary23
6928,54854;Primary1,Primary2,Primary3,Primary4,Primary5,Primary6,Primary7,Primary8,Primary9,Primary10,Primary11,Primary12,Primary13,Primary14,Primary15,Primary16,Primary17,Primary18,Primary19,Primary20,Primary21,Primary22,Primary23
8153,3780,57524;Primary1,Primary2,Primary3,Primary4,Primary5,Primary6,Primary7,Primary8,Primary9,Primary10,Primary11,Primary12,Primary13,Primary14,Primary15,Primary16,Primary17,Primary18,Primary19,Primary20,Primary21,Primary22,Primary23
8153,54084;Primary1,Primary2,Primary3,Primary4,Primary5,Primary6,Primary7,Primary8,Primary9,Primary10,Primary11,Primary13,Primary14,Primary15,Primary16,Primary17,Primary18,Primary19,Primary20,Primary21,Primary22,Primary23
55808,66002,1048;Primary1,Primary2,Primary3,Primary4,Primary5,Primary6,Primary7,Primary8,Primary9,Primary10,Primary11,Primary12,Primary13,Primary14,Primary15,Primary16,Primary17,Primary18,Primary19,Primary20,Primary21,Primary22,Primary23
100423031,1048;Primary2,Primary3,Primary4,Primary5,Primary6,Primary7,Primary8,Primary9,Primary10,Primary11,Primary12,Primary13,Primary14,Primary15,Primary16,Primary17,Primary18,Primary19,Primary20,Primary21,Primary22,Primary23
94025,4680,4057,11148,306,113218482,112268252;Primary1,Primary2,Primary3,Primary4,Primary5,Primary6,Primary7,Primary8,Primary9,Primary10,Primary11,Primary12,Primary13,Primary14,Primary16,Primary17,Primary18,Primary19,Primary20,Primary21,Primary22,Primary23
94025,105372793,112268422,4057,11148,113218482,112268252,2277;Primary1,Primary2,Primary3,Primary5,Primary6,Primary7,Primary8,Primary9,Primary10,Primary11,Primary12,Primary13,Primary14,Primary15,Primary16,Primary17,Primary18,Primary19,Primary20,Primary21,Primary22,Primary23
94025,2277,112268422,4057,11148,306,113218482,112268252;Primary1,Primary2,Primary3,Primary5,Primary6,Primary7,Primary8,Primary9,Primary10,Primary11,Primary12,Primary13,Primary14,Primary15,Primary16,Primary17,Primary18,Primary19,Primary20,Primary21,Primary22,Primary23
94025,102466759,4057,11148,306,113218482,112268252;Primary1,Primary3,Primary4,Primary5,Primary6,Primary7,Primary8,Primary9,Primary10,Primary11,Primary12,Primary13,Primary14,Primary15,Primary16,Primary17,Primary18,Primary19,Primary20,Primary21,Primary22,Primary23
110806280,4693,196335;Primary2,Primary3,Primary4,Primary5,Primary6,Primary7,Primary8,Primary9,Primary10,Primary11,Primary12,Primary13,Primary14,Primary15,Primary16,Primary17,Primary18,Primary19,Primary20,Primary21,Primary22,Primary23
5349,4680,388743;Primary1,Primary2,Primary3,Primary4,Primary5,Primary6,Primary8,Primary9,Primary10,Primary11,Primary12,Primary13,Primary14,Primary15,Primary16,Primary17,Primary18,Primary19,Primary20,Primary21,Primary22,Primary23
4680,105372793,112268422,4057,11148,113218482,112268252,2277;Primary1,Primary2,Primary3,Primary4,Primary5,Primary6,Primary7,Primary8,Primary9,Primary10,Primary11,Primary12,Primary13,Primary14,Primary16,Primary17,Primary18,Primary19,Primary20,Primary21,Primary22,Primary23
4680,2277,112268422,4057,11148,3856,113218482,112268252;Primary1,Primary2,Primary3,Primary4,Primary5,Primary6,Primary7,Primary8,Primary9,Primary10,Primary11,Primary12,Primary13,Primary14,Primary16,Primary17,Primary18,Primary19,Primary20,Primary21,Primary22,Primary23
112268252,102466759,4057,306;Primary1,Primary2,Primary3,Primary4,Primary5,Primary6,Primary7,Primary8,Primary9,Primary10,Primary11,Primary12,Primary13,Primary14,Primary16,Primary17,Primary18,Primary19,Primary20,Primary21,Primary22,Primary23
9622,128674,5053;Primary1,Primary2,Primary3,Primary4,Primary5,Primary6,Primary7,Primary8,Primary9,Primary10,Primary11,Primary12,Primary13,Primary14,Primary15,Primary16,Primary17,Primary18,Primary19,Primary20,Primary21,Primary22
89765,4693,196335,24150;Primary1,Primary2,Primary3,Primary4,Primary5,Primary6,Primary7,Primary8,Primary9,Primary10,Primary11,Primary13,Primary14,Primary15,Primary16,Primary17,Primary18,Primary19,Primary20,Primary21,Primary22,Primary23
28824,2277,112268422,4057,11148,113218482,112268252;Primary1,Primary2,Primary3,Primary4,Primary6,Primary7,Primary8,Primary9,Primary10,Primary11,Primary12,Primary13,Primary14,Primary15,Primary16,Primary17,Primary18,Primary19,Primary20,Primary21,Primary22,Primary23
28824,102466759,4057,306;Primary1,Primary2,Primary3,Primary4,Primary6,Primary7,Primary8,Primary9,Primary10,Primary11,Primary12,Primary13,Primary14,Primary15,Primary16,Primary17,Primary18,Primary19,Primary20,Primary21,Primary22,Primary23
6523,2277,112268422,4057,11148,306,113218482,112268252;Primary2,Primary3,Primary4,Primary5,Primary6,Primary7,Primary8,Primary9,Primary10,Primary11,Primary12,Primary13,Primary14,Primary15,Primary16,Primary17,Primary18,Primary19,Primary20,Primary21,Primary22,Primary23
26609,30848;Primary1,Primary2,Primary3,Primary4,Primary5,Primary6,Primary7,Primary8,Primary9,Primary10,Primary11,Primary12,Primary14,Primary15,Primary16,Primary17,Primary18,Primary19,Primary20,Primary21,Primary22,Primary23
4693,11254;Primary1,Primary2,Primary4,Primary5,Primary6,Primary7,Primary8,Primary9,Primary10,Primary11,Primary12,Primary13,Primary14,Primary15,Primary16,Primary17,Primary18,Primary19,Primary20,Primary21,Primary22,Primary23
246100,1485;Primary1,Primary2,Primary3,Primary4,Primary5,Primary6,Primary7,Primary8,Primary9,Primary10,Primary11,Primary12,Primary13,Primary14,Primary15,Primary16,Primary17,Primary18,Primary19,Primary20,Primary21,Primary22,Primary23
246100,30848,1485;Primary1,Primary2,Primary3,Primary4,Primary5,Primary6,Primary7,Primary8,Primary9,Primary10,Primary11,Primary12,Primary13,Primary14,Primary15,Primary16,Primary17,Primary19,Primary20,Primary21,Primary22,Primary23
