attr_name	Metastatic1	Metastatic2	Metastatic3	Metastatic4	Metastatic5	Metastatic6	Metastatic7	Metastatic9	Metastatic10
85452	0	0	127.175564470839	134.5132639353	207.341000044547	28.4340516642321	245.28552120151	88.1134386243907	2.72128615837417
54897	374.618021464156	2152.40966950819	1129.57178380931	423.424361257206	251.057475957553	228.657165466533	1377.45989452514	806.638479043286	441.52867919621
127733	0	0	15.0082964282356	2.92420138989783	28.1034488012187	0	482.621974586304	56.8732194757431	3.40160769796772
7780	0	0	0	0	0	13.0322736794397	9.08464893338925	0	0.680321539593543
1043	387.808796867823	728.581149191933	178.519736462171	797.137298886149	226.076632578692	0	266.861562418309	121.756751553704	48.9831508507351
2537	18.4670855651345	42.857714658349	60.8230960512708	223.993826466174	54.9578554334943	113.736206656928	589.366599553627	307.596003925146	8734.6482468415
149465	0	0	85.3103165394447	19.8845694513053	244.812265112838	5.92376076338169	828.974215171769	100.128907527717	14.967073871058
128218	2.63815508073349	0	64.7726477429117	1.7545208339387	0	0	23.8472034501468	72.8938446801778	2.72128615837417
84842	0	0	0	0	0	0	0	10.4134063828825	2.72128615837417
10103	0	3733.38314357174	151.662784959013	805.325062777863	437.78928021454	14.217025832116	78.3550970504823	225.089784122307	172.80167105676
1580	794.084679300781	28.5718097722327	742.5157180285	431.02728487094	104.919542191216	9.4780172214107	2394.94057506474	2249.29577870263	527.92951472459
163720	1276.86705907501	195.240700110257	188.788570860438	152.058472274687	0	0	549.621260470049	75.296938460843	59.8682954842318
1579	0	180.95479522414	101.108523306009	164.924958390238	0	3.55425645802901	281.624116935067	48.8629068735258	27.8931831233353
440590	0	0	18.9578481198766	0	0	3.55425645802901	0	16.0206252044347	1.36064307918709
388633	0	0	1.57982067665638	0	172.367819314141	0	2.27116223334731	40.0515630110867	6.12289385634189
4070	1527.49179174469	0	120.856281764213	698.884132185582	121.157090387476	0	358.843632868875	334.831066772685	73.4747262761027
100996301	0	0	0	0	0	1.18475215267634	55.6434747170091	0	0.680321539593543
27022	0	0	0	0	0	2.36950430535267	166.930424151027	0	1.36064307918709
54112	0	0	0	0	0	2.36950430535267	0	0	0
277	759.788663251246	2619.08256245466	330.972431759512	1077.27579203836	894.938714047697	210.885883176388	814.211660655011	293.177441241155	110.892410953748
163479	0	0	0	0	0	0	0	4.00515630110867	2.04096461878063
105371242	2.63815508073349	0	1.57982067665638	0.584840277979566	0.624521084471526	0	0	0.801031260221734	5.44257231674835
1513	2537.90518766562	14519.2413325896	9716.68707177508	10756.3823926002	1453.26056356524	7869.12379807623	632.518681987226	3647.89635904978	2494.05876414993
57530	2202.85949241247	0	430.501134388864	1179.03800040681	0	0	2444.90614419838	901.961199009672	321.792088227746
6097	485.420534854963	0	37.9156962397532	82.4624791951188	0	0	136.269734000839	60.8783757768518	6.80321539593543
57402	229.519492023814	85.715429316698	28.4367721798149	14.0361666715096	0	1.18475215267634	359.979213985549	40.8525942713084	10.2048230939031
4582	34106.0688837226	63348.4642333352	2913.18932775437	8343.91624593447	4794.4483654879	595.930332796198	8701.95809707023	4610.7359338363	1320.50410835107
57111	0	2166.69557439431	82.9405855244601	259.084243144948	78.0651355589408	0	129.456247300797	104.935095089047	20.4096461878063
632	0	0	3.94955169164096	0	17.4865903652027	2.36950430535267	0	130.568095416143	19684.4234265996
284680	0	0	15.7982067665638	2.92420138989783	0	0	0	15.2195939442129	1.36064307918709
2327	1121.21590931173	0	634.298001677538	125.155819487627	989.241397802897	52.1290947177588	1344.52804214161	1284.05311013544	257.841863505953
1999	0	1304.77931293196	211.695970671955	1032.24309063393	454.026828410799	10.662769374087	1138.98786002368	187.441314891886	82.3189062908187
115019	991.946310355793	2685.75011858987	77.4112131561628	148.54943060681	71.8199247142255	15.4017779847924	826.703052938422	120.955720293482	73.4747262761027
1510	329.769385091687	8562.01899507906	48.1845306380197	909.426632258226	0	0	178.286235317764	591.16107004364	147.629774091799
5284	2179.11609668587	5009.59064673146	763.053386825033	5131.97343927069	1917.27972932758	1.18475215267634	2256.39967883055	1353.74282977473	256.481220426766
79098	2643.43139089496	376.195495334397	300.955838903041	436.290847372756	4.37164759130068	14.217025832116	287.302022518435	813.04672912506	107.49080325578
722	6991.11096394376	0	841.254510319524	781.93145165868	282.28353018113	0	1220.74970042418	405.321817672197	358.529451365797
1380	0	0	0	0	0	0	0	0	276.890866614572
255928	0	390.481400220513	0.789910338328192	7.0180833357548	0	15.4017779847924	0	18.4237189850999	38.778327756832
406969	0	0	0	0	0	0	0	1.60206252044347	4.7622507771548
388743	1717.4389575575	14514.4793642942	129.545295485823	496.529396004652	341.613033205925	7.10851291605802	697.246805637625	318.81044156825	93.884372463909
6262	7125.65687306116	3185.75678960394	8657.41730807698	2830.04210514312	887.444461034038	293.818533863732	3552.0977329552	1646.92027101588	719.099867350375
105373265	0	0	3.15964135331277	1.7545208339387	0	1.18475215267634	0	1.60206252044347	0.680321539593543
56896	0	0	0	0	0	0	0	0	0
692209	0	0	3.94955169164096	0	376.58621393633	5.92376076338169	0	40.8525942713084	21.0899677273998
165186	1361.28802165848	0	84.5204062011165	30.996534732917	33.0996174769909	8.29326506873436	146.489964050902	245.115565627851	122.457877126838
6496	0	0	0	0	0	5.92376076338169	0	9.61237512266081	2.04096461878063
1768	3751.45652480303	585.72210033077	782.801145283238	718.768701636887	3057.65522957259	94.780172214107	2309.77199131422	862.710667258807	423.159997627184
100996506	469.591604370562	0	40.2854272547378	0	207.341000044547	7.10851291605802	9.08464893338925	13.6175314237695	6.80321539593543
6439	22334.6209134898	3461.95095073552	6024.64615042912	14241.4456090804	2447.49813004391	1.18475215267634	22584.4372484057	16855.2997775857	3545.83586436155
200407	0	0	4.73946202996915	0.584840277979566	0	2.36950430535267	0	0.801031260221734	5.44257231674835
9173	0	0	90.839688907742	391.25814596833	673.858250144777	3.55425645802901	2515.31217343215	84.9093135835038	108.851446334967
7851	2047.20834264919	4009.57730470332	304.115480256354	596.537083539158	106.793105444631	59.2376076338169	570.061720570175	217.07947152009	126.539806364399
55289	3324.0754017242	1000.01334202814	288.31727348979	73.6898750254254	0	15.4017779847924	1201.44482144073	437.363068081067	108.171124795373
654433	0	0	0	4.67872222383653	0	8.29326506873436	1.13558111667366	4.8061875613304	112.933375572528
112268422	15.828930484401	2880.99081870013	54.5038133446452	8.77260416969349	1280.26822316663	100.703932977489	668.857277720783	42.4546567917519	39.4586492964255
654412	414.190347675158	490.482734423327	0	29.2420138989783	0	0	0	17.6226877248781	3.40160769796772
200373	2398.08296838675	800.010673622515	260.670411648303	776.083048878884	658.245223032988	8.29326506873436	341.80991611877	307.596003925146	155.113311027328
81615	1997.08339611525	0	76.6213028178346	40.3539791805901	32.4750963925194	0	671.128439954131	94.5216887061646	148.310095631392
80122	237.433957266014	0	83.7304958627883	236.275472303745	492.122614563562	0	571.197301686849	71.2917821597343	16.327716950245
151531	395.723262110024	133.335112270419	7.89910338328192	38.0146180686718	0	4.73900861070535	0	12.015468903326	30.6144692817094
3694	1693.6955618309	5395.3100786566	1402.88076087087	2576.80626477797	350.980849472998	71.0851291605802	910.736055572272	1750.25330358449	335.398519019617
6332	2379.61588282161	409.529273402002	2590.90590971647	749.765236369804	768.785454984449	0	3411.28567448766	1316.89539180453	376.898132934823
1746	0	0	0.789910338328192	0	0	0	0	10.4134063828825	23.811253885774
406903	0	0	0	0	0	0	0	8.81134386243907	2.72128615837417
8436	2464.03684540508	885.726102939213	807.288365771412	516.413965455957	348.482765135111	33.1730602749374	2415.38103516487	653.641508340935	672.838002658014
692058	1675.22847626577	938.107754188306	81.3607648478037	244.463236195459	736.934879676401	98.334428672136	0	36.046406709978	23.1309323461805
33	4302.83093667633	47.6196829537211	272.519066723226	612.912611322585	444.659012143726	42.6510774963481	714.28052238773	241.110409326742	97.2859801618767
102465485	609.413823649437	0	22.9073998115176	0	153.007665695524	23.6950430535267	206.675763234605	29.6381566282042	15.6473954106515
130367	2994.30601663251	1080.96680304947	82.9405855244601	670.811798842563	415.306521173565	0	655.230304320699	81.7051885426169	10.8851446334967
1286	2701.4708026711	1609.54528383577	1300.98232722653	2036.99868820283	292.275867532674	263.014977894147	2756.05537016696	789.015791318408	377.578454474417
1285	11027.488237466	1480.97213986073	3590.93239803996	2041.67741042667	1087.9157291494	556.833511757878	8557.73929525267	1921.67399327194	1464.7322747449
79083	559.2888771155	31514.7061787726	2841.30748696651	1402.446986595	278.536403674301	530.768964398999	2570.95564814916	911.573574132333	591.879739446383
100130449	538.183636469633	1209.53994702452	33.176234209784	206.448618126787	256.678165717797	16.5865301374687	29.5251090335151	27.235062847539	24.4915754253676
63924	0	0	0	0	0	0	0	0	0
105377033	0	0	10.2688343982665	129.249701433484	44.3409969974783	0	30.6606901501887	30.4391878884259	8.16385847512252
7433	1630.3798398933	1604.7833155404	684.062352992214	93.5744444767306	294.77395187056	0	3688.36746695603	630.411601794505	195.252281863347
4057	110.802513390807	0	333.342162774497	5658.3296894523	7442.41776364718	8.29326506873436	137.405315117512	263.53928461295	67.3518324197608
776	6745.76254143554	3138.13710665022	2107.48078265962	686.017646070031	962.386991170622	1207.26244357719	1460.35731604232	1030.92723190537	470.102183859138
201625	2962.64815566371	1919.07322303496	637.457643030851	1265.59436154778	2325.09199748749	0	1517.136371876	477.414631092153	19.0490031086192
11148	1667.31401102357	166.668890338024	30.0165928564713	149.719111162769	0	0	425.842918752621	58.4752819961866	21.7702892669934
285335	2187.03056192807	1038.10908839112	80.5708545094755	865.563611409758	702.586220030467	98.334428672136	369.063862918938	145.787689360356	109.53176787456
51365	0	1647.64103019875	165.091260710592	118.722576429852	69.9463614608109	138.616001863131	5.67790558336828	112.144376431043	183.006494150663
256076	13.1907754036675	247.62235135935	1135.10115617761	364.940333459249	104.919542191216	0	602.993572953711	454.184724545723	105.449838636999
131873	9009.29960070488	1852.40566689975	2514.28460689863	1546.90253525595	739.432964014287	77.0088899239619	2714.03886885004	1524.36248820196	810.943275195504
51208	3569.42382423242	2457.17564041201	391.795527810783	535.713694629283	129.275864485606	144.539762626513	956.159300239218	685.682758749804	290.497297406443
401089	0	0	0	0	0.624521084471526	2.36950430535267	0	0	0
79740	229.519492023814	447.625019764978	114.536999057588	140.361666715096	431.544069369824	0	357.708051752202	169.818627167008	5.44257231674835
27074	12016.7963927411	3957.19565345422	2213.32876799559	4062.30057084607	1154.11496410338	20.1407865954977	4061.97365434167	1985.75649408968	712.29665195444
200879	242.710267427481	10362.0430107297	409.963465592331	238.029993137683	3.12260542235763	9.4780172214107	306.606901501887	165.813470865899	51.0241154695157
9370	0	0	0	0.584840277979566	0	0	0	0	0
100874095	0	0	0	0.584840277979566	0	0	0	0	0
57110	0	0	0	0	0	50.9443425650825	0	0	2.04096461878063
84239	3717.16050875349	6042.93776682721	1901.31418435596	2175.02099380601	821.869747164528	206.146874565683	3849.61998552369	1242.39948460391	517.724691630686
4585	123091.039756863	161997.399440264	5113.87953033671	251707.652718792	222224.586529672	715.590300216508	33208.9341760044	4380.03893089244	243.555111174488
339983	0	0	2.36973101498457	0	0	0	0	0	0
105374373	0	0	3.15964135331277	0	0	0	0	3.20412504088694	0
10568	26115.0971441808	3242.90040914841	7895.15383159027	19166.9704302243	4094.36022979532	1.18475215267634	10936.781734684	8144.88585393459	1685.15645357321
886	0	0	0	0	378.459777189745	0	0	0	0
285429	0	0	2.36973101498457	0	3.12260542235763	0	0	7.2092813419956	310.226622054656
84525	1545.95887730983	0	73.4616614645218	128.080020877525	0.624521084471526	4.73900861070535	800.584687254928	178.629971029447	124.498841745618
8999	2.63815508073349	414.291241697374	161.141709018951	19.2997291733257	791.892735109895	10.662769374087	423.571756519274	112.945407691264	55.7863662466705
419	0	0	0	0	0	0	0	0.801031260221734	0
306	4057.48251416811	1319.06521781807	552.147326491406	608.818729376728	174.865903652027	1.18475215267634	1802.16723216109	712.917821597343	178.244243373508
1040	947.097673983324	342.861717266792	97.9488819526958	171.943041725992	568.93870795356	342.393372123461	763.110510404697	95.3227199663863	48.9831508507351
56955	211.052406458679	0	18.9578481198766	0	0	0	24.9827845668204	85.7103448437255	74.1550478156962
54848	408.914037513691	0	172.990364093874	335.113479282292	236.693491014708	0	208.946925467953	137.777376758138	42.1799354547997
57575	0	0	1.57982067665638	0	0	1.18475215267634	4.54232446669462	29.6381566282042	38.0980062172384
10586	0	0	15.0082964282356	46.2023819603857	0	1.18475215267634	0	145.787689360356	20.4096461878063
2266	0	1023.823183505	131.12511616248	66.086951411691	99.9233735154442	0	0	12.015468903326	93.2040509243154
3248	1596.08382384376	9057.26369779775	2437.6633040808	922.293118373776	352.854412726412	265.3844821995	3357.913362004	724.132259240448	193.211317244566
2160	1208.27502697594	0	240.922653190098	329.849916780475	0	3.55425645802901	468.99500118622	88.1134386243907	12.2457877126838
448831	0	0	0	0	0	0	0	0	17.6883600294321
100419743	0	495.2447027187	0	0	0	0	0	0	0.680321539593543
653082	7.91446524220048	238.098414768606	889.439040957544	475.475145997387	535.839090476569	261.83022574147	1497.83149289255	171.420689687451	172.80167105676
1767	1414.05112327315	2004.78865235166	699.860559758778	4966.46364060248	4886.87748598969	110.181950198899	3564.58912523861	1066.97363861535	19.7293246482128
4883	3872.81165851677	1280.9694714551	506.332526868371	1622.34693111532	2773.49813613805	553.279255299849	416.758269819232	384.495004906432	285.735046629288
730	3329.35171188567	571.436195444653	3601.99114277655	2206.6023688169	1685.58240698865	103.073437282841	1751.06608191078	1239.99639082324	708.895044256472
100874002	0	0	4.73946202996915	0.584840277979566	0	3.55425645802901	0	113.746438951486	217.02257113034
100506658	1669.9521661043	3433.37914096329	1187.23523850727	1148.04146567389	1135.37933156923	0	2540.29495799897	1499.53051913509	659.231571866143
105379028	0	0	1.57982067665638	0	0	0	0	0	27.8931831233353
7060	174.118235328411	0	210.116149995299	136.267784769239	299.145599461861	9373.75903197518	34.0674335002097	221.88565908142	284.374403550101
84059	17401.2709125181	4252.43768776729	3373.70705499971	5996.36737012449	3298.7203681786	130.322736794397	9728.52342654321	2123.53387084782	2025.99754490957
153643	0	814.296578508631	18.9578481198766	309.96534732917	58.0804608558519	0	286.166441401761	51.266000654191	19.0490031086192
353189	2163.28716620146	338.09974897142	67.1423787578963	912.350833648123	0	0	88.5753271005452	121.756751553704	71.433761657322
57528	232.157647104547	747.629022373421	16.588117104892	0.584840277979566	0	0	93.1176515672398	8.01031260221734	23.811253885774
117156	1065.81465261633	0	354.669741909358	1383.73209769965	64.9501927850387	0	1540.98357532615	656.0446021216	11.5654661730902
92304	0	0	170.620633078889	405.879152917819	166.122608469426	0	143.083220700881	294.779503761598	12.2457877126838
79908	1187.16978633007	142.859048861163	99.5287026293521	52.635625018161	94.927204839672	0	39.745339083578	74.4959072006213	10.8851446334967
10917	0	0	154.822426312326	266.687166758682	0	0	197.591114301216	32.8422816690911	19.0490031086192
1906	369.341711302689	104.763302498186	383.106514089173	509.980722398182	849.348674881275	13.0322736794397	1632.96564577672	185.839252371442	182.32617261107
389376	335.045695253154	0	52.1340823296606	294.174659823722	3.74712650682916	0	66.9992858837457	173.823783468116	29.2538262025224
135656	3163.14794179946	1064590.39408168	2024.54019713516	1948.68780622791	0	0	1764.69305531086	297.983628802485	89.1221216867542
26797	0	0	2.36973101498457	2.92420138989783	164.873566300483	8.29326506873436	0	36.046406709978	12.9261092522773
80736	208.414251377946	814.296578508631	134.284757515793	187.733729231441	290.40230427926	39.0968210383191	511.011502503145	333.229004252241	76.8763339740704
177	2464.03684540508	285.718097722327	2534.03236535684	3526.0020359388	307.888894644462	318.698329069935	6695.38626390788	4040.40167655843	1340.23343299928
5225	2440.29344967848	980.965468846655	212.485881010284	1701.30036864256	75.5670512210547	0	993.633477089449	194.650596233881	296.620191262785
647024	0	2576.22484779631	127.965474809167	898.314666976614	436.540238045597	45.0205818017008	621.16287082049	376.484692304215	136.064307918709
5961	0	2428.60383063978	391.795527810783	57.8991875199771	0	182.451831512156	1966.82649407877	48.8629068735258	41.4996139152061
441151	0	0	0	0	0	1.18475215267634	0	1.60206252044347	1.36064307918709
27283	311.302299526552	228.574478177861	2.36973101498457	0	84.9348674881275	35.5425645802901	0	0	0
345895	0	285.718097722327	280.418170106508	493.605194614754	457.773954917629	16.5865301374687	1476.25545167575	227.492877902972	48.3028293111416
245806	0	0	0	0	0	0	0	0	0
79632	3434.87791511501	1009.53727861889	594.0125744228	1503.03951440749	664.490433877704	46.2053339543771	1506.91614182594	216.278440259868	219.063535749121
5340	208.414251377946	442.863051469606	64.7726477429117	42.6933402925083	138.643680752679	0	0	16.0206252044347	1.36064307918709
168090	0	61.9055878398374	30.8065031947995	59.6537083539158	0	5.92376076338169	106.744624967324	32.0412504088694	0
340267	656.90061510264	2185.7434475758	161.931619357279	355.582889011576	410.310352497793	127.953232489044	1182.13994245728	163.410377085234	55.7863662466705
10551	461.677139128361	15885.9262333614	362.56884529264	992.473951731324	1015.4712833507	0	386.097579669043	126.562939115034	21.0899677273998
155465	2693.5563374289	0	35.5459652247686	421.669840423267	160.501918709182	0	48.8299880169672	63.281469557517	12.2457877126838
4852	0	0	0	0	0	0	0	0	0.680321539593543
3207	0	0	57.663454697958	121.06193754177	0	204.962122413006	30.6606901501887	88.1134386243907	53.7454016278899
11185	335.045695253154	300.004002608443	451.038803185397	446.233132098409	348.482765135111	30.8035559695848	794.906781671559	862.710667258807	222.465143447089
6969	0	0	8.68901372161011	0	178.613030158856	0	139.67647735086	0.801031260221734	1.36064307918709
168374	6321.01957343745	14143.0458372552	2266.25276066358	4219.62260562257	1132.25672614688	1299.67311148594	4267.5138364596	259.534128311842	247.63704041205
222183	0	0	1.57982067665638	0	0	7.10851291605802	0	7.2092813419956	5.44257231674835
105375355	0	0	92.4195095843984	68.4263125236093	0	3.55425645802901	333.860848302055	321.213535348915	42.8602569943932
1577	3485.00286164894	6590.564120795	880.750027235934	1194.82868791225	592.670509163478	888.564114507253	1266.17294509113	394.908411289315	232.669966540992
563	0	4.76196829537211	11.8486550749229	415.236597365492	591.421466994535	21.3255387481741	42.0165013169253	17.6226877248781	12.9261092522773
10071	32523.1758352825	81796.3294096068	1004.76595035346	7428.64121089645	7366.22619134165	129.137984641721	14041.4605076698	2853.27334890982	864.688676823394
375612	1200.36056173374	0	85.3103165394447	0.584840277979566	0	1.18475215267634	3.40674335002097	51.266000654191	19.0490031086192
222256	0	2638.13043563615	411.543286268988	1303.60897961645	841.229900783146	358.97990226093	1709.04958059385	334.030035512463	104.089195557812
1080	1931.12951909692	719.057212601189	635.877822354194	1235.76750737082	938.030668876232	0	1103.78484540679	376.484692304215	148.990417170986
1180	0	0	7.89910338328192	0	0	0	0	4.00515630110867	4.08192923756126
100506380	0	0	0	0	9.36781626707289	5.92376076338169	0	20.8268127657651	6.80321539593543
9228	0	0	0	0	0	0	0	0	9.52450155430961
101929066	0	0	0.789910338328192	0	0	0	0	1.60206252044347	2.04096461878063
6440	60841.1324718758	2438.12776723052	13708.8939216858	31236.3192468886	4169.30275993191	1.18475215267634	31895.066824013	49325.9029419339	5062.27257611556
157310	0	542.864385672421	89.2598682310856	262.008444534846	0	30.8035559695848	166.930424151027	338.836223073793	19.7293246482128
56892	205.776096297212	0	314.38431465462	707.071896077296	692.593882678922	4.73900861070535	1998.62276534563	227.492877902972	168.719741819199
6101	0	980.965468846655	619.289705249302	804.740222499883	362.222228993485	27.2492995115558	3156.91550435276	541.497131909892	34.0160769796772
107984125	0	128.573143975047	191.158301875422	253.235840365152	841.854421867617	73.4546334659329	925.49861008903	261.136190832285	2.72128615837417
195814	617.328288891637	0	86.1002268777729	326.340875112598	71.8199247142255	0	441.741054386052	106.537157609491	36.7373631380513
137872	3250.20705946366	1404.78064713477	82.9405855244601	37.4297777906922	404.689662737549	260.645473588794	212.353668817974	148.991814401243	191.170352625786
646480	0	0	0	0	147.38697593528	336.46961136008	3.40674335002097	44.0567193121954	0
79977	667.453235425574	1323.82718611345	306.485211271338	776.083048878884	359.724144655599	0	640.467749803942	256.330003270955	54.4257231674835
100506753	0	0	0	0	0	0	0	0	0.680321539593543
9699	0	0	7.89910338328192	0	0	0	0	13.6175314237695	38.778327756832
93035	7748.26147211427	0	363.358755630968	354.413208455617	158.003834371296	4.73900861070535	434.92756768601	274.753722256055	62.589581642606
114569	3178.97687228386	1742.88039610619	364.148665969296	2610.72700090078	719.448289311198	18.9560344428214	3167.13573440283	420.54141161641	84.3598709095994
641384	2097.33328918313	7376.2888895314	119.276461087557	48.541743072304	1809.86210279848	274.86249942091	0	50.4649693939692	2.72128615837417
100302161	532.907326308166	1295.25537634121	14.2183860899074	0	68.6973192918679	29.6188038169084	131.727409534144	13.6175314237695	4.08192923756126
100302170	812.551764865916	9738.22516403597	52.9239926679888	149.134270884789	1576.9157382906	143.355010473837	307.742482618561	56.8732194757431	7.48353693552898
102723635	0	0	16.588117104892	34.5055764007944	2.4980843378861	13.0322736794397	0	27.235062847539	5.44257231674835
100133669	0	0	2.36973101498457	0	0	0	0	2.4030937806652	46.9421862319545
4062	0	0	0	0	0	34.3578124276138	0	0.801031260221734	0
83481	121.355133713741	2990.51608949369	261.460321986631	973.759062835978	548.954033250471	177.712822901451	3482.8272848381	607.181695248074	102.728552478625
58524	0	0	0.789910338328192	5.84840277979566	83.061304234713	0	0	0	0
6505	2419.18820903261	5842.93509842158	705.389932127075	563.201187694322	2784.11499457406	326.991594138669	1422.88313919209	1215.16442175637	370.775239078481
401492	0	0	0	0	0	52.1290947177588	0	0	0.680321539593543
8395	3445.43053543794	8033.44051429275	485.794858071838	412.312395975594	93.0536415862574	15.4017779847924	589.366599553627	248.319690668738	72.7944047365091
102724057	0	0	5.52937236829734	0.584840277979566	0	0	0	15.2195939442129	6.80321539593543
2619	0	0	115.326909395916	424.594041813165	61.2030662782095	172.973814290745	11.3558111667366	611.186851549183	148.990417170986
54769	0	0	0	0	0	0	0	0	0
1515	0	0	1.57982067665638	0	0	0	0	5.60721882155214	4.08192923756126
138428	1102.7488237466	0	52.1340823296606	131.004222267423	620.773957964697	27.2492995115558	250.963426784878	108.139220129934	41.4996139152061
733	0	0	0	0	0	0	0	0	0.680321539593543
105	0	0	44.2349789463787	406.463993195799	0	3.55425645802901	327.047361602013	28.0360941077607	22.4506108065869
83643	15.828930484401	0	45.0248892847069	0	538.337174814455	94.780172214107	29.5251090335151	84.1082823232821	148.310095631392
222389	833.657005511784	9.52393659074422	232.233639468488	398.861069582064	202.969352453246	24.8797952062031	747.212374771266	77.7000322415082	51.0241154695157
10529	5212.99443952938	2509.5572916611	1797.04601969664	2217.71433409852	3165.69737718617	85.3021549926963	1906.64069489507	577.54353861987	236.071574238959
399726	0	0	0	0	0	8.29326506873436	0	7.2092813419956	21.7702892669934
693188	841.571470753984	0	90.839688907742	166.679479224176	168.620692807312	30.8035559695848	0	16.0206252044347	1.36064307918709
728643	1466.81422488782	538.102417377049	214.855612025268	4.09388194585696	440.287364552426	23.6950430535267	480.350812352956	82.5062198028386	37.4176846776449
474354	1733.2678880419	238.098414768606	210.116149995299	291.250458433824	399.068972977305	34.3578124276138	61.3213803003774	69.6897196392909	95.9253370826896
22943	0	0	32.3863238714559	0	257.92720788674	0	0	10.4134063828825	14.967073871058
65217	3656.48294189662	2190.50541587117	1382.34309207434	555.598264080588	1254.6628587033	2.36950430535267	692.70448117093	261.136190832285	121.777555587244
219790	5679.94788881921	2361.93627450457	1944.75925296401	262.593284812825	40.5938704906492	43.8358296490245	1614.79634790994	658.447695902265	374.176846776449
219793	0	0	1.57982067665638	2.33936111191827	1.87356325341458	1.18475215267634	0	6.40825008177387	14.967073871058
729238	31752.8345517083	4547.67972208037	8825.66821014088	33528.3082962906	2754.7625036039	1.18475215267634	24913.5141187033	24515.5617190862	3270.30564082616
653509	44534.6959178621	5285.78480786304	9205.61508287674	25899.6517103251	5685.0154319443	8.29326506873436	26580.5471979803	23157.0127017501	3070.97142972525
6441	261.177352992616	0	499.223333823417	1596.02911860624	66.1992349539818	0	805.127011721622	1071.77982617668	262.604114283108
9211	0	0	17.3780274432202	0	0.624521084471526	0	0	0	0
142827	633.157219376038	809.534610213259	73.4616614645218	105.856090314301	172.992340398613	104.258189435518	1942.97929062863	314.00425400692	76.1960124344768
9118	0	0	0	0	0	0	0	0	0
4892	0	0	1.57982067665638	0	23.731801209918	227.472413313857	0	3.20412504088694	3.40160769796772
441581	0	0	0	0	0	0	0	0	9.52450155430961
4583	4693.27788862488	14981.1522572407	7.89910338328192	6071.22692570588	2518.06901258919	0	1988.40253529557	5.60721882155214	14.2867523314644
4586	722.854492120977	6051980.74462012	172.990364093874	52165.9982749434	20140.8049742067	8.29326506873436	1779.45560982762	0	21.7702892669934
727897	5584.9743059128	22643.1592444944	7566.55113084575	221476.67390975	371708.079745523	16091.30373765	28369.0874567413	2073.86993271407	1270.84063596074
112577518	2.63815508073349	0	64.7726477429117	6306.33271745366	5749.34110364487	319.883081222611	1151.47925230709	45.6587818326388	27.2128615837417
3481	26.3815508073349	28.5718097722327	71.0919304495372	5.84840277979566	211.088126551376	200.223113802301	24.9827845668204	9.61237512266081	12.9261092522773
1028	0	0	12.6385654132511	0	57.4559397713804	90.0411636034016	36.338595733557	78.5010635017299	23.811253885774
390083	0	0	0	0	0	1.18475215267634	0	0.801031260221734	437.446749958648
196335	0	0	0	0	0	0	0	2.4030937806652	567.388164021015
84867	0	0	1.57982067665638	0	0	0	0	4.00515630110867	2.04096461878063
26298	915.439813014522	180.95479522414	66.3524684195681	817.021868337454	473.386982029417	0	213.489249934647	180.23203354989	38.778327756832
1132	0	0	3.15964135331277	0	0	11.8475215267634	0	11.2144376431043	11.5654661730902
745	0	4438.15445128681	457.358085892023	548.580180744833	34.3486596459339	108.997198046223	1418.3408147254	615.192007850292	300.021798960753
7356	68.5920320990708	23.8098414768606	864.95182046937	6304.57819661972	901.808445976884	0	4943.18460088043	2156.37615251691	4.08192923756126
9356	203.137941216479	304.765970903815	60.0331857129426	0	0	0	0	12.8165001635477	9.52450155430961
89	0	0	0.789910338328192	0	0	0	0	5.60721882155214	2.04096461878063
22941	79.1446524220048	1619.06922042652	611.39060186602	466.117701549714	612.030662782096	163.495797069335	3299.99872505364	776.19929115486	289.136654327256
101928580	0	0	0.789910338328192	0	0	3.55425645802901	0	0.801031260221734	0
60494	44.8486363724694	0	120.066371425885	338.037680672189	329.122611516494	146.909266931866	147.625545167575	175.42584598856	32.6554339004901
7225	2748.9575941243	6485.80081829682	2220.43796104055	1542.22381303212	851.22223813469	71.0851291605802	3301.13430617032	547.104350731444	451.053180750519
4317	0	0	0	0	0	0	0	0	0
399949	0	0	3.15964135331277	294.759500101701	0.624521084471526	10.662769374087	32.931852383536	24.030937806652	1.36064307918709
649946	1147.59746011907	352.385653857536	234.603370483473	236.860312581724	364.720313331371	101.888685130165	526.909638136576	24.8319690668738	35.3767200588643
64137	0	0	0	0	0	5.92376076338169	0	7.2092813419956	0
23584	535.545481388899	1233.34978850138	202.217046612017	0	50.5862078421936	0	617.756127470469	182.635127330555	72.7944047365091
107984406	696.472941313642	95.2393659074422	157.982067665638	174.282402837911	330.996174769909	26.0645473588794	447.41895996942	16.0206252044347	25.1718969649611
6337	34.2960160495354	1871.45354008124	684.062352992214	793.043416940292	23.731801209918	4.73900861070535	1467.17080274236	773.796197374195	274.849901995791
259294	1374.47879706215	3752.43101675322	444.719520478772	149.719111162769	489.000009141205	390.968210383191	433.791986569337	182.635127330555	108.171124795373
259290	3424.32529479207	3428.61717266792	853.103165394447	152.058472274687	1920.40233474994	599.484589254227	1416.06965249205	221.084627821199	125.179163285212
5544	464.315294209095	4019.10124129406	488.164589086822	10306.0553785559	2730.40618130951	212.070635329064	282.75969805174	93.7206574459429	46.9421862319545
5545	2838.65486686924	2814.32326256492	680.112801300573	39215.2951593639	294.77395187056	203.77737026033	916.41396115564	183.436158590777	36.7373631380513
9052	849.485935996185	571.436195444653	652.465939459086	728.12614608456	926.164768271273	110.181950198899	1084.47996642334	996.482887715837	285.054725089695
55507	0	0	323.07332837623	40.9388194585696	0	17.7712822901451	446.283378852747	79.3020947619517	57.8273308654512
10599	0	0	0	0	0	0	0	0	63.2699031821995
120892	60440.1328996043	14624.0046350878	10758.57880803	23679.5980151147	17043.1803952279	908.704901102751	24796.549263686	8154.49822905725	4015.93804822069
107984498	0	0	0	0	0	31.9883081222611	0	0.801031260221734	0
363	0	0	0	0	0	0	0	1.60206252044347	0
3855	1669.9521661043	0	443.139699802115	1922.36999371883	449.655180819499	27.2492995115558	5421.26425100003	2041.8286823052	481.667650032229
109729127	94.9735829064057	0	34.7560548864404	244.463236195459	0	18.9560344428214	330.454104952034	100.128907527717	23.811253885774
85349	60.6775668568703	9.52393659074422	81.3607648478037	110.534812538138	331.62069585438	0	1741.98143297739	50.4649693939692	124.498841745618
3856	1424.60374359609	8371.54026326417	857.052717086088	4527.24859183982	1448.26439488947	9.4780172214107	4934.09995194704	1425.83564319469	1104.84218029991
113218482	0	500.006671014072	4.73946202996915	18.1300486173666	3.74712650682916	0	114.693692784039	18.4237189850999	15.6473954106515
3875	3097.19406478112	2071.45620848687	715.658766525342	3340.60766781928	891.191587540868	54.4985990231115	3331.79499632051	1099.81592028444	746.312728934117
3229	0	0	0	0	0	45.0205818017008	0	0.801031260221734	0
2065	3738.26574939936	7381.05085782677	1004.76595035346	2301.93133412757	833.735647769487	54.4985990231115	874.397459838715	892.348823887012	240.833825016114
8091	89.6972727449388	52.3816512490932	176.150005447187	405.294312639839	0	0	146.489964050902	12.015468903326	12.2457877126838
100129940	0	9.52393659074422	43.4450686080505	29.2420138989783	0	0	28.3895279168414	13.6175314237695	8.84418001471606
11081	0	0	0	0	0	13.0322736794397	0	0.801031260221734	1.36064307918709
160728	0	0	29.2266825181431	118.722576429852	588.298861572178	0	0	54.4701256950779	27.2128615837417
4604	0	0	0.789910338328192	0	0	586.452315574787	0	0	6.12289385634189
105369937	0	0	0	0	0	1.18475215267634	0	0	0
5053	0	0	0	0	0	0	0	1.60206252044347	1058.58031560755
387882	192.585320893545	0	196.68767424372	279.553652874233	73.0689668831685	253.536960672736	104.473462733976	363.668192140667	65.3108678009801
54997	6785.33486764654	2809.56129426955	263.040142663288	72.5201944694662	113.662837373818	22.5102909008504	296.386671451824	103.333032568604	92.5237293847219
9365	221.605026781613	2919.0865650631	378.367052059204	681.338923846195	533.965527223155	23.6950430535267	1881.65791032825	120.15468903326	146.949452552205
341676	0	1376.20883736254	112.957178380931	371.958416795004	161.750960878125	33.1730602749374	264.590400184962	67.2866258586257	9.52450155430961
688	1485.28131045296	5157.211663888	932.094199227266	4920.84609892007	2755.38702468837	1252.28302537889	2585.71820266591	1729.42649081872	311.587265133843
8796	2936.26660485638	5085.78213945741	1127.99196313266	2575.63658422201	15.6130271117882	0	2968.40903898494	726.535353021113	289.816975866849
1910	9494.72013555984	3414.3312677818	1943.96934262568	2503.70123003052	1005.47894599916	261.83022574147	5785.78578945228	1014.10557544072	398.668422201816
7546	0	0	43.4450686080505	0	0	33.1730602749374	0	0	18.3686815690257
253970	2318.93831596474	376.195495334397	230.653818791832	669.057278008624	153.007665695524	0	776.737483804781	386.898098687098	97.9663017014702
7080	2121.07668490973	0	594.802484761128	497.114236282631	0	0	1721.54097287726	839.480760712377	234.710931159772
6751	498.61131025863	276.194161131582	29.2266825181431	0	0	29.6188038169084	0	43.2556880519736	19.7293246482128
5265	15662.7267143147	1728.59449122008	4115.43286268988	20979.390451683	3555.3985338964	311.589816153877	7028.11153109326	5228.33103546726	2730.81065992848
767566	0	0	0	0	0	0	39.745339083578	0	0
767567	0	0	0	0	0	0	0	0	0
724026	0	0	0.789910338328192	0	0	0	0	0	0
1152	575.117807599901	2876.22885040476	1125.62223211767	1081.9545142622	860.590054401763	789.044933682441	1351.34152884165	918.782855474329	255.120577347579
606	0	0	1.57982067665638	0	0	3.55425645802901	0	4.8061875613304	255.800898887172
100033430	15580.943906812	9519.17462244885	495.273782131776	3107.84123718342	1.24904216894305	95.9649243667833	244.149940084836	77.7000322415082	202.735818798876
100033436	2719.93788823623	0	7.10919304495372	198.260854235073	731.938711000628	0	337.267591652076	30.4391878884259	29.2538262025224
255189	490.69684501643	2638.13043563615	180.099557138828	259.669083422927	0	0	1418.3408147254	636.819851876278	50.3437939299222
100126311	0	0	2.36973101498457	0	0	0	0	1.60206252044347	2.04096461878063
100820829	867.953021561319	47.6196829537211	829.405855244601	274.874930650396	0	13.0322736794397	898.244663288862	272.35062847539	194.571960323753
1381	0	0	0	0	0	0	0	0	0
123624	5265.75754114405	380.957463629769	228.284087776847	487.756791834958	68.6973192918679	56.8681033284642	789.228876088191	452.58266202528	118.375947889277
5346	0	0	17.3780274432202	0	0	0	0	11.2144376431043	80.2779416720381
103504738	0	0	0.789910338328192	1.16968055595913	0	0	0	11.2144376431043	2.04096461878063
57524	0	0	6.31928270662553	0	0	1.18475215267634	0	4.8061875613304	0
21	7632.18264856199	609.53194180763	5222.09724668767	6976.55967601825	1136.00385265371	142.17025832116	13831.3780010851	9378.47399467606	2936.26776488573
146556	0	0	144.553591914059	122.816458375709	79.9386988123553	101.888685130165	363.38595733557	284.366097378716	93.2040509243154
4629	31111.7628670901	18157.3851102539	19841.7577884658	35210.3089357598	10586.2569028768	2406.23162208564	33428.1013315224	12945.4661964434	6429.03854915898
728276	0	0	4.73946202996915	70.180833357548	3.12260542235763	0	114.693692784039	16.8216564646564	2.04096461878063
79838	6698.27574998234	5957.22233751051	1264.64645166343	3175.68270942904	3209.41385309917	34.3578124276138	3103.5431918691	1034.13135694626	278.931831233353
55567	329.769385091687	3957.19565345422	438.400237772146	1241.03106987264	1235.30270508468	33.1730602749374	429.249662102642	515.063100322575	46.2618646923609
146177	991.946310355793	0	256.720859956662	349.734486231781	55.5823765179658	3.55425645802901	353.165727285507	259.534128311842	66.6715108801672
10595	0	747.629022373421	4.73946202996915	269.61136814858	126.153259063248	5.92376076338169	206.675763234605	20.0257815055433	5.44257231674835
6799	1406.13665803095	4.76196829537211	186.418839845453	891.881423918839	0	56.8681033284642	917.549542272314	240.30937806652	85.7205139887865
253982	0	0	31.5964135331277	0.584840277979566	2.4980843378861	7.10851291605802	0	32.8422816690911	6.12289385634189
29895	0	0	0.789910338328192	0	0	110.181950198899	0	0	10.2048230939031
24150	0	0	0	0	0	18.9560344428214	0	4.00515630110867	336.07884055921
4496	0	0	0	0	0.624521084471526	0	0	0	2.72128615837417
644649	0	0	0.789910338328192	0	0	3.55425645802901	104.473462733976	2.4030937806652	0
766	0	0	1.57982067665638	0	0	0	0	0	29.2538262025224
55282	1408.77481311169	0	378.367052059204	47.9569027943244	0	50.9443425650825	599.58682960369	275.554753516276	132.662700220741
80004	728.130802282444	1728.59449122008	231.44372913016	890.711743362879	148.011497019752	7.10851291605802	663.179372137415	399.714598850645	321.111766688152
999	390.446951948557	18557.3904470651	1171.43703174071	6753.73553010803	2323.21843423408	22.5102909008504	4755.81371662927	2024.20599458032	397.988100662223
3240	451.124518805427	247.62235135935	1104.29465298281	2245.20182716355	2105.88509683799	10.662769374087	5901.61506335299	444.572349423062	310.906943594249
93517	923.354278256723	0	29.2266825181431	9.94228472565263	0	0	9.08464893338925	417.337286575523	5.44257231674835
123872	0	0	620.07961558763	1336.36003518331	581.429129642991	18.9560344428214	714.28052238773	628.008508013839	169.400063358792
9914	3511.38441245628	0	325.443059391215	224.578666744153	213.586210889262	9.4780172214107	1270.71526955782	404.520786411976	165.998455660825
246	0	0	45.0248892847069	269.0265278706	395.321846470476	0	0	71.2917821597343	0.680321539593543
388323	237.433957266014	0	0	49.7114236282631	106.793105444631	11.8475215267634	0	4.00515630110867	29.2538262025224
388327	0	0	11.8486550749229	0	0	0	0	2.4030937806652	10.2048230939031
284111	0	0	0	0	0	28.4340516642321	0	0.801031260221734	2.04096461878063
9196	1896.83350304738	485.720766127955	349.140369541061	56.1446666860384	322.877400671779	167.050053527364	17.0337167501048	76.0979697210647	62.589581642606
1770	1778.11652441437	528.578480786304	502.38297517673	1887.86441731804	1790.50194917987	5.92376076338169	1071.98857413993	1165.50048362262	16.327716950245
400578	0	0	0.789910338328192	1697.79132697468	108.042147613574	26.0645473588794	498.520110219735	12.015468903326	5.44257231674835
218	0	676.19949794284	1.57982067665638	97.6683264225876	0	7.10851291605802	38.6097579669043	72.8938446801778	4.08192923756126
6532	844.209625834718	142.859048861163	985.018191895255	29.2420138989783	126.153259063248	20.1407865954977	1175.32645575723	430.153786739071	70.7534401177285
503645	1205.63687189521	309.527939199187	133.494847177464	54.9749861300792	64.9501927850387	63.9766162445222	433.791986569337	24.8319690668738	23.1309323461805
503640	1079.00542802	776.200832145654	92.4195095843984	47.3720625163449	156.130271117882	41.4663253436718	0	20.8268127657651	23.1309323461805
6354	0	0	0	0	0	0	0	0	0
79148	511.802085662298	0	542.668402431468	312.304708441088	169.869734976255	174.158566443422	716.551684621077	200.257815055433	50.3437939299222
6928	0	0	109.797537027619	15.2058472274687	0	0	1.13558111667366	197.854721274768	65.3108678009801
3880	0	2357.1743062092	401.274451870721	1339.86907685119	355.352497064298	0	1866.89535581149	792.219916359295	96.6056586222831
8153	0	0	0	0	0	3.55425645802901	0	8.81134386243907	41.4996139152061
4222	0	0	0	0	0	0	0	0	5.44257231674835
50964	0	0	0	0	0	0	0	0	0.680321539593543
7473	0	0	29.2266825181431	0	0	0	0	8.01031260221734	0.680321539593543
3219	0	0	1.57982067665638	0	0	1.18475215267634	0	0	1.36064307918709
762	65.9538770183373	0	548.987685138093	2.33936111191827	1.87356325341458	16.5865301374687	272.539468001677	398.112536330202	88.4418001471606
3993	667.453235425574	1428.59048861163	173.780274432202	221.069625076276	276.662840420886	20.1407865954977	457.639190019483	458.990912107054	152.392024868954
2125	65.9538770183373	0	116.116819734244	149.134270884789	0	5.92376076338169	220.302736634689	362.867160880445	106.810481716186
55808	0	1795.26204735529	60.0331857129426	121.06193754177	0	0	80.6262592838296	111.343345170821	46.2618646923609
2627	754.512353089779	3638.14377766429	977.119088511973	1216.4677781975	625.770126640469	130.322736794397	1377.45989452514	720.127102939339	402.750351439378
3909	24437.2305128343	31105.1769053706	7203.19237521478	4285.12471675628	2370.05751556944	2157.43367002361	20253.0892158747	4502.59671370637	2238.93818680235
361	8278.5306433417	538.102417377049	808.868186448068	1193.65900735629	1.24904216894305	4.73900861070535	1235.51225494094	1672.55327134298	460.577682304829
284266	0	0	143.763681575731	51.4659444622018	0	0	0	4.8061875613304	40.8192923756126
2922	0	0	3.94955169164096	0	0	0	0	2.4030937806652	8.16385847512252
81832	0	0	2.36973101498457	0	0	0	0	0	4.08192923756126
201456	23.7433957266014	685.723434533584	58.4533650362862	0	6.24521084471526	0	146.489964050902	41.6536255315302	6.12289385634189
126353	335.045695253154	1404.78064713477	18.1679377815484	284.232375098069	0	0	0	162.609345825012	53.0650800882964
100423031	0	0	0	0	0	0	0	15.2195939442129	0
27134	31.6578609688019	1461.92426667924	91.6295992460702	188.9034097874	0	7.10851291605802	19.3048789834522	201.058846315655	21.7702892669934
116844	0	904.773976120701	15.0082964282356	201.76989590295	235.444448845765	0	550.756841586723	16.0206252044347	6.12289385634189
2208	0	0	0	0	0	0	0	1.60206252044347	5.44257231674835
94025	976.117379871392	1171.44420066154	748.835000735126	12379.3141639935	11387.5174542538	0	772.195159338086	24.030937806652	8.16385847512252
54	896.972727449388	3328.61583846511	3739.43554164566	2601.36955645311	3.74712650682916	98.334428672136	790.364457204865	1671.75224008276	637.46128259915
66002	4068.03513449105	1157.15829577542	15.0082964282356	20.4694097292848	0	0	0	69.6897196392909	10.8851446334967
284434	0	0	55.2937236829734	15.2058472274687	1117.89274120403	7.10851291605802	85.1685837505242	119.353657773038	0.680321539593543
110806280	0	0	0	0.584840277979566	0	0	0	0	27.8931831233353
10331	0	0	0.789910338328192	0	0	1.18475215267634	0	0	0
3780	0	0	2.36973101498457	0	0	9.4780172214107	0	42.4546567917519	0
148213	3759.37099004523	10743.0004743595	560.836340213016	1167.34119484721	2844.06901868333	125.583728183692	204.404601001258	250.722784449403	64.6305462613866
3249	836.295160592517	0	15.0082964282356	45.0327014044266	4.99616867577221	0	57.9146369503565	70.4907508995126	42.8602569943932
5349	2.63815508073349	4.76196829537211	37.125785901425	44.447861126447	116.785442796175	39.0968210383191	275.946211351698	241.911440586964	17.6883600294321
107985317	2.63815508073349	0	0	0	0	0	0	0	1.36064307918709
64073	371.979866383423	0	36.3358755630968	439.799889040634	0	0	191.913208717848	136.175314237695	41.4996139152061
3960	1263.67628367134	2847.65704063252	1.57982067665638	0	45.5900391664214	0	0	20.8268127657651	4.08192923756126
1556	1799.22176506024	7714.38863850282	1074.27806012634	1111.78136843916	109.291189782517	3.55425645802901	3876.87393232386	952.426168403642	276.890866614572
1555	0	1042.87105668649	38.7056065780814	249.141958419295	0	0	71.5416103504403	82.5062198028386	9.52450155430961
100505495	277.006283477017	0	30.8065031947995	0	22.4827590409749	7.10851291605802	0	14.4185626839912	6.80321539593543
1048	0	106658.565879745	45.0248892847069	5.2635625018161	0	0	1.13558111667366	112.144376431043	0.680321539593543
4680	2063.03727313359	1119.06254941245	157.982067665638	2656.92938286117	0.624521084471526	0	3409.01451225432	1462.68308116489	155.113311027328
112268252	216.328716620146	657.151624761351	3.15964135331277	131.004222267423	0	0	76.083934817135	221.084627821199	23.811253885774
84518	0	0	0	0	0	3.55425645802901	0	1.60206252044347	1.36064307918709
284340	216.328716620146	4.76196829537211	195.897763905392	547.410500188874	64.3256717005672	35.5425645802901	362.250376218896	271.549597215168	63.9502247217931
5675	0	0	0	0	0	0	0	2.4030937806652	66.6715108801672
2696	0	0	191.948212213751	40.9388194585696	65.5747138695102	3.55425645802901	43.1520824335989	81.7051885426169	14.967073871058
388555	0	0	0	0	0	0	0	4.00515630110867	0
4861	261.177352992616	0	4.73946202996915	0	0	4.73900861070535	0	36.8474379701998	8.16385847512252
54854	0	2538.12910143334	18.9578481198766	0	649.501927850387	0	46.5588257836199	84.1082823232821	29.2538262025224
79784	2179.11609668587	3347.66371164659	1250.42806557353	3757.59878601871	382.206903696574	65.1613683971985	3547.5554084885	3896.21604971851	814.344882893471
9476	7964.59018873442	1095.25270793559	1088.49644621625	3482.13901509034	523.97318987161	8.29326506873436	1797.6249076944	2952.60122517731	676.239610355982
4606	0	0	0.789910338328192	0	0	472.716108917858	0	10.4134063828825	0
9622	0	0	0	0	0	0	0	12.8165001635477	475.544756175887
100529240	0	1847.64369860438	196.68767424372	210.542500072644	324.126442840722	59.2376076338169	0	32.8422816690911	13.6064307918709
94059	5017.7709635551	15162.1070524648	1507.93883586852	1476.7217018984	7286.28749252929	424.141270658129	2388.1270883647	467.001224709271	491.872473126132
677831	1472.09053504929	2500.03335507036	1340.47784414294	2880.33836904936	8690.83541150576	2171.65069585573	1905.50511377839	226.691846642751	100.687587859844
128674	0	0	0	0	0	1.18475215267634	0	0	0
164312	0	628.579814989119	64.7726477429117	83.0473194730984	1.24904216894305	0	23.8472034501468	124.96087659459	28.5735046629288
1471	1601.36013400523	1142.87239088931	4113.06313167489	3675.72114710157	835.609211022902	1392.0837793947	1278.66433737454	1972.93999392613	8006.70419947641
92086	0	900.012007825329	201.427136273689	0	0	0	0	141.782533059247	70.7534401177285
102723552	440.571898482493	9.52393659074422	9.4789240599383	0.584840277979566	23.1072801254465	2.36950430535267	751.75469923796	25.6330003270955	17.0080384898386
3929	0	0	2.36973101498457	0	360.34866574007	49.7595904124062	0	2.4030937806652	3.40160769796772
391253	933.906898579657	0	0	136.267784769239	0	60.4223597864932	38.6097579669043	6.40825008177387	10.2048230939031
7125	0	0	1.57982067665638	0	0	180.082327206803	0	3.20412504088694	2.04096461878063
4318	7051.78853080063	10562.0456791353	16228.7079009527	27754.7650720763	217.333337396091	7027.94976967603	524.638475903229	813.847760385282	6296.37584893824
109729184	321.854919849486	585.72210033077	2165.14423735757	2375.03636887502	0	706.112282995097	11.3558111667366	101.73097004816	843.598709095994
8537	0	4957.20899548237	41.8652479313942	509.980722398182	0	1381.42101002061	1.13558111667366	224.288752862085	37.4176846776449
128602	532.907326308166	0	40.2854272547378	5.84840277979566	0	0	119.236017250734	69.6897196392909	9.52450155430961
105372793	379.894331625623	0	8.68901372161011	33.3358958448353	164.249045216011	1.18475215267634	15.8981356334312	1.60206252044347	4.7622507771548
23562	0	0	1.57982067665638	0	0	10.662769374087	0	11.2144376431043	5.44257231674835
7113	1691.05740675017	3271.47221892064	204.586777627002	804.155382221904	14.3639849428451	0	1229.83434935757	302.789816363815	151.71170332936
7033	2.63815508073349	0	38.7056065780814	469.041902939612	403.440620568606	11.8475215267634	0	16.8216564646564	4.08192923756126
89765	828.380695350317	614.293910103002	73.4616614645218	401.785270971962	98.6743313465011	17.7712822901451	193.048789834522	234.702159244968	170.080384898386
54084	0	0	34.7560548864404	0	0	0	0	14.4185626839912	12.2457877126838
728226	920.716123175989	0	69.5121097728809	29.8268541769579	0	0	0	52.0670319144127	23.811253885774
5625	604.13751348797	247.62235135935	226.704267100191	13.45132639353	0	0	139.67647735086	163.410377085234	56.4666877862641
28824	532.907326308166	0	33.9661445481122	941.008007269122	4.37164759130068	0	91.9820704505661	6.40825008177387	8.84418001471606
26226	50.1249465339364	480.958797832583	109.797537027619	73.1050347474458	0	60.4223597864932	320.233874901971	10.4134063828825	19.7293246482128
56241	1696.33371691164	0	466.837009951961	542.146937687058	278.536403674301	299.742294627113	934.583259022419	1348.9366422134	338.800126717585
84700	0	0	26.0670411648303	0	0	47.3900861070535	0	23.2299065464303	29.9341477421159
6523	4529.71227361941	0	26.0670411648303	409.388194585696	1021.09197311094	0	0	8.81134386243907	76.1960124344768
6473	0	33.3337780676048	0	0	0	26.0645473588794	0	0	0.680321539593543
26609	0	0	0	0	0	2.36950430535267	0	24.030937806652	188.449066467411
2277	535.545481388899	47.6196829537211	238.552922175114	138.022305603178	0	0	263.454819068288	141.782533059247	76.1960124344768
100158262	345.598315576088	933.345785892934	78.201123494491	2.33936111191827	1731.79696723954	187.190840122861	434.92756768601	0	1.36064307918709
4128	11491.8035316751	4052.43501936167	2853.15614204143	2835.30566764494	2865.92725663983	2324.48372355097	2323.3989647143	2660.22481519638	1178.99722811561
4693	0	0	16.588117104892	0	0	0	0	5.60721882155214	397.307779122629
389852	1049.98572213193	3280.99615551138	131.915026500808	274.290090372417	0	52.1290947177588	0	58.4752819961866	94.5646940035025
102466759	0	0	3.94955169164096	0	0	4.73900861070535	0	6.40825008177387	0
57526	0	0	30.0165928564713	0	13.114942773902	74.6393856186092	0	441.368224382175	30.6144692817094
340596	0	0	0	0	0	0	0	2.4030937806652	2.04096461878063
11254	1775.47836933364	47.6196829537211	705.389932127075	3006.07902881497	2203.31038601554	0	2125.80785041308	285.167128638937	121.777555587244
158798	0	0	53.713903006317	214.636382018501	0	0	0	25.6330003270955	0
246100	0	0	0	0	0	0	0	0	23.811253885774
1485	0	0	0	0	0	0	0	0	27.8931831233353
30848	0	0	0	0	0	0	0	0.801031260221734	84.3598709095994
102725051	29.0197058880684	28.5718097722327	2.36973101498457	0.584840277979566	8.74329518260136	2.36950430535267	3.40674335002097	1.60206252044347	2.72128615837417
102723382	432.657433240293	19.0478731814884	30.0165928564713	42.6933402925083	207.965521129018	78.1936420766383	87.4397459838715	14.4185626839912	8.84418001471606
