Interaction,name,Pearson,selected,shared interaction,shared name,Weight
57530,1515,0.8414273839860816,false,57530,1515,0.8414273839860816
57530,11081,0.8583506722601373,false,57530,11081,0.8583506722601373
57530,57524,0.8102888774908091,false,57530,57524,0.8102888774908091
57530,114569,0.8183995111850959,false,57530,114569,0.8183995111850959
57530,284111,0.8214267123130242,false,57530,284111,0.8214267123130242
57530,7080,0.828778144054223,false,57530,7080,0.828778144054223
57530,160728,0.8013140166063222,false,57530,160728,0.8013140166063222
57530,3780,0.8219212938350028,false,57530,3780,0.8219212938350028
57530,388327,0.8029750551855698,false,57530,388327,0.8029750551855698
57530,246,0.8415868407733516,false,57530,246,0.8415868407733516
57530,5225,0.8583937992449009,false,57530,5225,0.8583937992449009
57530,100419743,0.8330055209485953,false,57530,100419743,0.8330055209485953
57530,56896,0.8520679354273083,false,57530,56896,0.8520679354273083
1515,1381,0.9602498688620941,false,1515,1381,0.9602498688620941
1515,11081,0.9666945196873723,false,1515,11081,0.9666945196873723
1515,57524,0.9608414575531249,false,1515,57524,0.9608414575531249
1515,114569,0.9228358470657348,false,1515,114569,0.9228358470657348
1515,284111,0.9597931306537588,false,1515,284111,0.9597931306537588
1515,7080,0.9590745228417846,false,1515,7080,0.9590745228417846
1515,8153,0.8623756914431153,false,1515,8153,0.8623756914431153
1515,160728,0.9348519478928989,false,1515,160728,0.9348519478928989
1515,3780,0.925574850005576,false,1515,3780,0.925574850005576
1515,388327,0.8459539409633294,false,1515,388327,0.8459539409633294
1515,100302161,0.8936107405247223,false,1515,100302161,0.8936107405247223
1515,246,0.9775649093643598,false,1515,246,0.9775649093643598
1515,5225,0.9382145334927283,false,1515,5225,0.9382145334927283
1515,1746,0.8196962047007926,false,1515,1746,0.8196962047007926
1515,1286,0.8918563217994177,false,1515,1286,0.8918563217994177
1515,100419743,0.9817428416667956,false,1515,100419743,0.9817428416667956
1515,56896,0.9714727857805708,false,1515,56896,0.9714727857805708
1515,399726,0.8467115197491547,false,1515,399726,0.8467115197491547
1515,27134,0.9245124400688668,false,1515,27134,0.9245124400688668
1381,11081,0.9626597348533275,false,1381,11081,0.9626597348533275
1381,57524,0.9483871119966031,false,1381,57524,0.9483871119966031
1381,114569,0.9605238887655362,false,1381,114569,0.9605238887655362
1381,284111,0.9165341706215245,false,1381,284111,0.9165341706215245
1381,7080,0.9321644257671847,false,1381,7080,0.9321644257671847
1381,8153,0.8151599780235096,false,1381,8153,0.8151599780235096
1381,160728,0.9121923332559082,false,1381,160728,0.9121923332559082
1381,3780,0.943696679752686,false,1381,3780,0.943696679752686
1381,100302161,0.8728097160970087,false,1381,100302161,0.8728097160970087
1381,246,0.9537252931372014,false,1381,246,0.9537252931372014
1381,5225,0.9336478017971855,false,1381,5225,0.9336478017971855
1381,1286,0.8896672566555576,false,1381,1286,0.8896672566555576
1381,100419743,0.9524763879017524,false,1381,100419743,0.9524763879017524
1381,56896,0.9513458014056925,false,1381,56896,0.9513458014056925
1381,399726,0.8166986753928944,false,1381,399726,0.8166986753928944
1381,27134,0.942926597916313,false,1381,27134,0.942926597916313
11081,57524,0.9540849171461927,false,11081,57524,0.9540849171461927
11081,114569,0.9414348404496177,false,11081,114569,0.9414348404496177
11081,284111,0.9553319717876316,false,11081,284111,0.9553319717876316
11081,7080,0.9600150033813014,false,11081,7080,0.9600150033813014
11081,8153,0.8828257641536303,false,11081,8153,0.8828257641536303
11081,160728,0.9309876130562091,false,11081,160728,0.9309876130562091
11081,3780,0.9478224219222037,false,11081,3780,0.9478224219222037
11081,388327,0.8478994301858298,false,11081,388327,0.8478994301858298
11081,100302161,0.8736104492326354,false,11081,100302161,0.8736104492326354
11081,246,0.9717860224899446,false,11081,246,0.9717860224899446
11081,5225,0.9575399605362415,false,11081,5225,0.9575399605362415
11081,1746,0.8098279142324435,false,11081,1746,0.8098279142324435
11081,1286,0.893450983448955,false,11081,1286,0.893450983448955
11081,100419743,0.9718543567834537,false,11081,100419743,0.9718543567834537
11081,56896,0.9767736600773146,false,11081,56896,0.9767736600773146
11081,399726,0.8990780473672336,false,11081,399726,0.8990780473672336
11081,27134,0.9555303313796835,false,11081,27134,0.9555303313796835
57524,114569,0.9452794081299907,false,57524,114569,0.9452794081299907
57524,284111,0.9467937375373862,false,57524,284111,0.9467937375373862
57524,7080,0.9481621250647051,false,57524,7080,0.9481621250647051
57524,8153,0.8630670213970048,false,57524,8153,0.8630670213970048
57524,160728,0.9641559280156761,false,57524,160728,0.9641559280156761
57524,3780,0.9282195701501245,false,57524,3780,0.9282195701501245
57524,388327,0.8273383988488509,false,57524,388327,0.8273383988488509
57524,100302161,0.82457325057803,false,57524,100302161,0.82457325057803
57524,246,0.9687370045221823,false,57524,246,0.9687370045221823
57524,5225,0.9502831972039474,false,57524,5225,0.9502831972039474
57524,1746,0.8154364243653487,false,57524,1746,0.8154364243653487
57524,1286,0.8568365013000628,false,57524,1286,0.8568365013000628
57524,100419743,0.9632804901015873,false,57524,100419743,0.9632804901015873
57524,56896,0.9565277603911462,false,57524,56896,0.9565277603911462
57524,399726,0.8673713935344003,false,57524,399726,0.8673713935344003
57524,27134,0.9458992086990257,false,57524,27134,0.9458992086990257
114569,284111,0.8762197108482829,false,114569,284111,0.8762197108482829
114569,7080,0.9149528751093584,false,114569,7080,0.9149528751093584
114569,160728,0.8896890228588324,false,114569,160728,0.8896890228588324
114569,3780,0.9364194202360531,false,114569,3780,0.9364194202360531
114569,388327,0.8032876897292824,false,114569,388327,0.8032876897292824
114569,100302161,0.8205582683978074,false,114569,100302161,0.8205582683978074
114569,246,0.9254630932047815,false,114569,246,0.9254630932047815
114569,5225,0.9246148011706145,false,114569,5225,0.9246148011706145
114569,1286,0.8217106011191327,false,114569,1286,0.8217106011191327
114569,100419743,0.913562513369767,false,114569,100419743,0.913562513369767
114569,56896,0.9326091539530126,false,114569,56896,0.9326091539530126
114569,399726,0.8064570628837234,false,114569,399726,0.8064570628837234
114569,27134,0.9173752941275966,false,114569,27134,0.9173752941275966
284111,7080,0.9507988421994336,false,284111,7080,0.9507988421994336
284111,8153,0.8320734751823241,false,284111,8153,0.8320734751823241
284111,160728,0.9607308666371893,false,284111,160728,0.9607308666371893
284111,3780,0.9231905264010181,false,284111,3780,0.9231905264010181
284111,388327,0.8610456915868023,false,284111,388327,0.8610456915868023
284111,100302161,0.8508322666709063,false,284111,100302161,0.8508322666709063
284111,246,0.9625341398343896,false,284111,246,0.9625341398343896
284111,5225,0.9538367976821123,false,284111,5225,0.9538367976821123
284111,1286,0.9204130501090704,false,284111,1286,0.9204130501090704
284111,100419743,0.977040606621135,false,284111,100419743,0.977040606621135
284111,56896,0.9520384627997227,false,284111,56896,0.9520384627997227
284111,399726,0.8460199211929298,false,284111,399726,0.8460199211929298
284111,27134,0.9233869883649332,false,284111,27134,0.9233869883649332
79784,94025,0.8591946576355597,false,79784,94025,0.8591946576355597
79784,105373265,0.8080531502021545,false,79784,105373265,0.8080531502021545
79784,112268252,0.8078656567117023,false,79784,112268252,0.8078656567117023
7080,8153,0.8493817512775754,false,7080,8153,0.8493817512775754
7080,160728,0.9442891325203563,false,7080,160728,0.9442891325203563
7080,3780,0.9213219092696112,false,7080,3780,0.9213219092696112
7080,388327,0.8400478863432858,false,7080,388327,0.8400478863432858
7080,100302161,0.8816461902205927,false,7080,100302161,0.8816461902205927
7080,246,0.9889290627311055,false,7080,246,0.9889290627311055
7080,5225,0.9393051737084287,false,7080,5225,0.9393051737084287
7080,1746,0.8092517100988854,false,7080,1746,0.8092517100988854
7080,1286,0.9198950818040119,false,7080,1286,0.9198950818040119
7080,100419743,0.9797159397203233,false,7080,100419743,0.9797159397203233
7080,56896,0.990203114127105,false,7080,56896,0.990203114127105
7080,399726,0.848731034831572,false,7080,399726,0.848731034831572
7080,27134,0.9362545554925987,false,7080,27134,0.9362545554925987
8153,160728,0.8464663088935739,false,8153,160728,0.8464663088935739
8153,246,0.8764654489796383,false,8153,246,0.8764654489796383
8153,5225,0.8051928449006792,false,8153,5225,0.8051928449006792
8153,1746,0.8637381232858593,false,8153,1746,0.8637381232858593
8153,100419743,0.8667238002087078,false,8153,100419743,0.8667238002087078
8153,56896,0.8809745521372714,false,8153,56896,0.8809745521372714
8153,399726,0.9193337315092418,false,8153,399726,0.9193337315092418
8153,27134,0.8543463474771416,false,8153,27134,0.8543463474771416
160728,3780,0.8985339942145995,false,160728,3780,0.8985339942145995
160728,388327,0.8362884663891862,false,160728,388327,0.8362884663891862
160728,100302161,0.8408780098468375,false,160728,100302161,0.8408780098468375
160728,246,0.9601318725016051,false,160728,246,0.9601318725016051
160728,5225,0.9135843583724897,false,160728,5225,0.9135843583724897
160728,1286,0.8869723392211375,false,160728,1286,0.8869723392211375
160728,100419743,0.9614174849718466,false,160728,100419743,0.9614174849718466
160728,56896,0.9488177903761907,false,160728,56896,0.9488177903761907
160728,399726,0.884745323770868,false,160728,399726,0.884745323770868
160728,27134,0.9148628626806927,false,160728,27134,0.9148628626806927
4222,54997,0.8165850373619418,false,4222,54997,0.8165850373619418
3780,388327,0.8209553801645072,false,3780,388327,0.8209553801645072
3780,100302161,0.8630270691757422,false,3780,100302161,0.8630270691757422
3780,246,0.9397896514705778,false,3780,246,0.9397896514705778
3780,5225,0.9436009673708387,false,3780,5225,0.9436009673708387
3780,1286,0.8495894633447171,false,3780,1286,0.8495894633447171
3780,100419743,0.9460462184044192,false,3780,100419743,0.9460462184044192
3780,56896,0.9319503267699673,false,3780,56896,0.9319503267699673
3780,399726,0.8307917358506778,false,3780,399726,0.8307917358506778
3780,27134,0.9298499099825075,false,3780,27134,0.9298499099825075
388327,246,0.856047888811126,false,388327,246,0.856047888811126
388327,5225,0.8308465376801986,false,388327,5225,0.8308465376801986
388327,100419743,0.8580971030424074,false,388327,100419743,0.8580971030424074
388327,56896,0.843305409551386,false,388327,56896,0.843305409551386
388327,399726,0.815911760863133,false,388327,399726,0.815911760863133
388327,27134,0.8349775156252844,false,388327,27134,0.8349775156252844
100302161,246,0.8968355069156944,false,100302161,246,0.8968355069156944
100302161,5225,0.8365523931705731,false,100302161,5225,0.8365523931705731
100302161,1286,0.8062107751242795,false,100302161,1286,0.8062107751242795
100302161,100419743,0.9039382440864768,false,100302161,100419743,0.9039382440864768
100302161,56896,0.879884620963114,false,100302161,56896,0.879884620963114
246,5225,0.955432383889898,false,246,5225,0.955432383889898
246,1746,0.819553075094566,false,246,1746,0.819553075094566
246,1286,0.9053959837524329,false,246,1286,0.9053959837524329
246,100419743,0.9956573492945504,false,246,100419743,0.9956573492945504
246,56896,0.9911965597352386,false,246,56896,0.9911965597352386
246,399726,0.8673685634209422,false,246,399726,0.8673685634209422
246,27134,0.9551890040337297,false,246,27134,0.9551890040337297
94025,105373265,0.8158730757735139,false,94025,105373265,0.8158730757735139
94025,112268252,0.8845033978396639,false,94025,112268252,0.8845033978396639
5225,1286,0.9004185056949928,false,5225,1286,0.9004185056949928
5225,100419743,0.9577755165269071,false,5225,100419743,0.9577755165269071
5225,56896,0.9407570439836459,false,5225,56896,0.9407570439836459
5225,27134,0.9471063141348626,false,5225,27134,0.9471063141348626
1746,100419743,0.8096541762621371,false,1746,100419743,0.8096541762621371
1746,56896,0.8399728917478346,false,1746,56896,0.8399728917478346
1746,399726,0.8566595531093595,false,1746,399726,0.8566595531093595
1746,27134,0.8078758001926517,false,1746,27134,0.8078758001926517
1286,100419743,0.9110121691521855,false,1286,100419743,0.9110121691521855
1286,56896,0.9100641972983426,false,1286,56896,0.9100641972983426
1286,27134,0.8771483838133419,false,1286,27134,0.8771483838133419
100419743,56896,0.9839638972275263,false,100419743,56896,0.9839638972275263
100419743,399726,0.8591428760540902,false,100419743,399726,0.8591428760540902
100419743,27134,0.9517762160787014,false,100419743,27134,0.9517762160787014
105373265,112268252,0.9594866995168686,false,105373265,112268252,0.9594866995168686
56896,399726,0.8795379704528006,false,56896,399726,0.8795379704528006
56896,27134,0.9485052569666734,false,56896,27134,0.9485052569666734
399726,27134,0.8617478781495362,false,399726,27134,0.8617478781495362
